-2.3513,-0.39629,0.37313,170.18,165.96,94.852,89.492,0.64412,178.5,175.51,0.15806
-2.5043,-0.54603,0.37346,170.11,165.98,94.794,89.445,0.64405,178.37,175.45,0.15814
-2.6709,-0.70783,0.37379,170.05,166,94.729,89.389,0.64399,178.24,175.4,0.15822
-2.8466,-0.87617,0.37411,169.97,166.02,94.656,89.325,0.64393,178.12,175.34,0.15831
-3.0256,-1.0437,0.37442,169.89,166.02,94.574,89.249,0.64389,177.99,175.28,0.1584
-3.2002,-1.2014,0.37472,169.79,166.01,94.483,89.163,0.64387,177.88,175.22,0.15849
-3.361,-1.3379,0.375,169.68,165.98,94.382,89.065,0.64387,177.77,175.15,0.15858
-3.497,-1.4403,0.37526,169.55,165.94,94.27,88.956,0.64389,177.67,175.09,0.15867
-3.5951,-1.4936,0.3755,169.4,165.87,94.147,88.835,0.64393,177.57,175.03,0.15876
-3.6409,-1.4815,0.37572,169.23,165.77,94.015,88.703,0.644,177.48,174.97,0.15884
-3.6183,-1.3858,0.37592,169.02,165.63,93.873,88.561,0.64409,177.4,174.91,0.15891
-3.51,-1.1879,0.37609,168.79,165.47,93.722,88.411,0.6442,177.32,174.85,0.15896
-3.2978,-0.86813,0.37625,168.52,165.26,93.564,88.253,0.64433,177.25,174.8,0.159
-2.9632,-0.40728,0.37638,168.22,165.01,93.401,88.091,0.64447,177.19,174.75,0.15902
-2.4877,0.21336,0.3765,167.89,164.73,93.232,87.925,0.64462,177.13,174.7,0.15902
-1.8534,1.0112,0.37661,167.52,164.4,93.06,87.759,0.64477,177.07,174.66,0.15898
-1.0435,2.0014,0.3767,167.13,164.03,92.887,87.594,0.64492,177.02,174.61,0.15891
-0.043169,3.1969,0.37678,166.71,163.62,92.715,87.432,0.64505,176.97,174.58,0.15881
1.1602,4.6069,0.37685,166.27,163.18,92.544,87.275,0.64515,176.91,174.54,0.15866
2.5765,6.2374,0.37692,165.81,162.7,92.376,87.125,0.64521,176.86,174.51,0.15846
4.2126,8.0901,0.37698,165.35,162.19,92.214,86.983,0.64523,176.81,174.48,0.15821
6.0722,10.163,0.37704,164.88,161.66,92.058,86.851,0.64518,176.76,174.45,0.15791
8.1556,12.449,0.37709,164.42,161.1,91.911,86.73,0.64506,176.71,174.43,0.15755
10.46,14.939,0.37713,163.96,160.52,91.773,86.621,0.64484,176.66,174.4,0.15712
12.979,17.618,0.37717,163.52,159.92,91.646,86.524,0.64453,176.6,174.38,0.15664
15.704,20.468,0.37719,163.1,159.3,91.532,86.441,0.6441,176.55,174.35,0.1561
18.624,23.471,0.3772,162.7,158.67,91.431,86.373,0.64355,176.49,174.32,0.1555
21.724,26.602,0.3772,162.31,158.02,91.345,86.319,0.64289,176.44,174.29,0.15484
24.988,29.84,0.37717,161.95,157.36,91.274,86.28,0.64211,176.39,174.26,0.15414
28.397,33.161,0.37712,161.6,156.69,91.22,86.256,0.64123,176.34,174.23,0.15339
31.934,36.542,0.37704,161.27,156.02,91.184,86.249,0.64027,176.29,174.2,0.1526
35.577,39.962,0.37694,160.96,155.37,91.165,86.257,0.63926,176.24,174.16,0.15179
39.305,43.404,0.37681,160.66,154.74,91.164,86.282,0.63823,176.2,174.12,0.15097
43.099,46.853,0.37665,160.38,154.15,91.181,86.324,0.63722,176.15,174.08,0.15014
46.939,50.296,0.37646,160.12,153.62,91.217,86.383,0.63627,176.11,174.04,0.14932
50.807,53.726,0.37625,159.88,153.19,91.27,86.457,0.63542,176.07,174,0.14852
54.686,57.134,0.37602,159.67,152.85,91.34,86.548,0.63473,176.03,173.96,0.14776
58.563,60.515,0.37577,159.5,152.65,91.424,86.652,0.63421,176,173.92,0.14705
62.425,63.865,0.37551,159.37,152.57,91.522,86.769,0.63391,175.96,173.87,0.14639
66.262,67.178,0.37524,159.3,152.65,91.63,86.897,0.63385,175.92,173.83,0.14581
70.064,70.454,0.37497,159.3,152.87,91.745,87.033,0.63403,175.87,173.78,0.1453
73.823,73.689,0.3747,159.36,153.24,91.863,87.173,0.63447,175.83,173.74,0.14487
77.533,76.882,0.37443,159.49,153.74,91.982,87.314,0.63514,175.78,173.69,0.14454
81.19,80.034,0.37418,159.68,154.35,92.097,87.454,0.63604,175.73,173.63,0.14429
84.787,83.143,0.37393,159.93,155.06,92.206,87.588,0.63713,175.68,173.57,0.14413
88.321,86.209,0.3737,160.23,155.84,92.304,87.714,0.63838,175.62,173.51,0.14405
91.788,89.232,0.37349,160.57,156.65,92.39,87.829,0.63975,175.57,173.45,0.14406
95.184,92.209,0.37329,160.94,157.49,92.462,87.932,0.64122,175.51,173.38,0.14414
98.503,95.14,0.37312,161.31,158.31,92.517,88.02,0.64274,175.45,173.31,0.14429
101.74,98.024,0.37296,161.68,159.11,92.556,88.094,0.64429,175.39,173.24,0.1445
104.9,100.86,0.37282,162.04,159.85,92.578,88.152,0.64584,175.33,173.17,0.14476
107.96,103.64,0.3727,162.37,160.53,92.582,88.195,0.64736,175.27,173.1,0.14506
110.93,106.36,0.3726,162.66,161.13,92.57,88.222,0.64884,175.21,173.03,0.1454
113.81,109.03,0.37252,162.9,161.65,92.542,88.235,0.65025,175.16,172.96,0.14577
116.59,111.64,0.37245,163.09,162.08,92.501,88.233,0.6516,175.11,172.9,0.14616
119.26,114.19,0.3724,163.22,162.43,92.446,88.22,0.65286,175.06,172.84,0.14657
121.83,116.68,0.37237,163.3,162.69,92.38,88.195,0.65404,175.02,172.79,0.14699
124.3,119.1,0.37234,163.32,162.88,92.305,88.161,0.65514,174.98,172.74,0.14741
126.66,121.45,0.37233,163.28,163,92.222,88.118,0.65614,174.95,172.7,0.14783
128.92,123.74,0.37232,163.2,163.06,92.133,88.068,0.65705,174.93,172.66,0.14824
131.08,125.97,0.37232,163.08,163.08,92.04,88.014,0.65787,174.91,172.62,0.14865
133.13,128.12,0.37232,162.92,163.07,91.944,87.955,0.6586,174.89,172.6,0.14904
135.09,130.21,0.37233,162.74,163.03,91.848,87.895,0.65924,174.88,172.57,0.14942
136.96,132.24,0.37235,162.54,162.99,91.752,87.834,0.65978,174.88,172.56,0.14978
138.73,134.2,0.37236,162.35,162.94,91.659,87.773,0.66022,174.88,172.55,0.15013
140.43,136.09,0.37238,162.15,162.9,91.568,87.714,0.66057,174.88,172.54,0.15045
142.05,137.93,0.3724,161.98,162.88,91.482,87.658,0.66083,174.89,172.54,0.15076
143.6,139.7,0.37241,161.83,162.87,91.401,87.605,0.66099,174.9,172.54,0.15105
145.09,141.41,0.37243,161.72,162.89,91.325,87.556,0.66105,174.91,172.54,0.15132
146.52,143.06,0.37244,161.64,162.93,91.255,87.512,0.66103,174.93,172.55,0.15157
147.9,144.65,0.37245,161.6,162.99,91.191,87.472,0.66092,174.95,172.56,0.15181
149.24,146.18,0.37246,161.6,163.08,91.134,87.438,0.66074,174.96,172.57,0.15203
150.54,147.65,0.37245,161.64,163.18,91.083,87.408,0.66049,174.98,172.59,0.15224
151.8,149.07,0.37245,161.72,163.3,91.037,87.382,0.66018,175,172.61,0.15244
153.03,150.42,0.37243,161.82,163.43,90.998,87.361,0.65984,175.02,172.63,0.15263
154.21,151.71,0.37241,161.96,163.56,90.963,87.344,0.65947,175.04,172.65,0.1528
155.36,152.94,0.37238,162.11,163.7,90.934,87.331,0.65908,175.05,172.67,0.15297
156.46,154.1,0.37235,162.29,163.83,90.909,87.321,0.6587,175.06,172.7,0.15314
157.52,155.2,0.37232,162.47,163.96,90.888,87.314,0.65834,175.07,172.73,0.15329
158.54,156.22,0.37229,162.66,164.08,90.872,87.309,0.658,175.08,172.76,0.15344
159.5,157.16,0.37226,162.84,164.19,90.859,87.308,0.6577,175.08,172.79,0.15359
160.41,158.02,0.37223,163.03,164.29,90.849,87.309,0.65744,175.08,172.82,0.15373
161.27,158.79,0.37221,163.2,164.37,90.843,87.312,0.65724,175.07,172.85,0.15386
162.05,159.47,0.3722,163.37,164.45,90.841,87.318,0.65709,175.06,172.88,0.15399
162.77,160.05,0.3722,163.52,164.51,90.842,87.327,0.657,175.05,172.91,0.15411
163.41,160.52,0.37222,163.65,164.56,90.847,87.339,0.65698,175.03,172.94,0.15422
163.96,160.87,0.37224,163.78,164.6,90.856,87.354,0.65701,175.01,172.96,0.15432
164.41,161.1,0.37229,163.88,164.64,90.868,87.372,0.6571,174.98,172.98,0.15441
164.76,161.2,0.37234,163.98,164.66,90.883,87.393,0.65724,174.94,173,0.15449
164.98,161.16,0.37242,164.06,164.68,90.902,87.418,0.65742,174.9,173.01,0.15455
165.07,160.96,0.3725,164.13,164.69,90.924,87.446,0.65764,174.86,173.02,0.15458
165.02,160.61,0.3726,164.18,164.7,90.95,87.477,0.65788,174.81,173.02,0.1546
164.8,160.09,0.3727,164.23,164.7,90.978,87.511,0.65814,174.76,173.02,0.15458
164.4,159.38,0.37281,164.27,164.7,91.008,87.548,0.65841,174.71,173.01,0.15454
163.8,158.5,0.37292,164.31,164.68,91.04,87.586,0.65866,174.65,172.99,0.15446
162.99,157.42,0.37303,164.33,164.66,91.074,87.626,0.6589,174.59,172.97,0.15433
161.95,156.14,0.37313,164.34,164.63,91.109,87.667,0.65909,174.53,172.95,0.15417
160.67,154.65,0.37322,164.34,164.58,91.144,87.707,0.65924,174.47,172.92,0.15395
159.14,152.95,0.3733,164.33,164.51,91.179,87.745,0.65931,174.41,172.88,0.15368
157.35,151.04,0.37337,164.29,164.42,91.212,87.781,0.6593,174.36,172.85,0.15336
155.29,148.92,0.37341,164.23,164.3,91.244,87.813,0.6592,174.31,172.81,0.15297
152.96,146.59,0.37344,164.13,164.15,91.274,87.839,0.65898,174.27,172.77,0.15253
150.36,144.05,0.37344,164,163.96,91.301,87.858,0.65866,174.24,172.74,0.15201
147.5,141.31,0.37342,163.83,163.72,91.324,87.87,0.65821,174.22,172.71,0.15144
144.38,138.36,0.37339,163.62,163.42,91.343,87.871,0.65763,174.21,172.68,0.1508
141,135.23,0.37334,163.35,163.06,91.357,87.862,0.65693,174.22,172.67,0.1501
137.4,131.91,0.37326,163.03,162.63,91.366,87.842,0.6561,174.25,172.66,0.14933
133.58,128.43,0.37318,162.65,162.13,91.37,87.808,0.65517,174.29,172.66,0.14852
129.56,124.78,0.37309,162.22,161.56,91.368,87.763,0.65412,174.35,172.67,0.14765
125.37,120.99,0.37299,161.74,160.92,91.36,87.704,0.65299,174.43,172.7,0.14674
121.02,117.06,0.37288,161.2,160.22,91.348,87.633,0.6518,174.53,172.74,0.14581
116.55,113.02,0.37278,160.63,159.47,91.331,87.55,0.65055,174.64,172.79,0.14485
111.98,108.88,0.37268,160.03,158.68,91.31,87.457,0.6493,174.76,172.85,0.14388
107.33,104.67,0.37259,159.41,157.87,91.287,87.355,0.64805,174.89,172.92,0.14292
102.63,100.38,0.37251,158.78,157.07,91.261,87.246,0.64685,175.03,173.01,0.14198
97.895,96.061,0.37245,158.18,156.31,91.234,87.134,0.64573,175.18,173.1,0.14109
93.147,91.713,0.37242,157.61,155.6,91.206,87.019,0.64471,175.33,173.2,0.14024
88.403,87.359,0.3724,157.1,154.98,91.179,86.906,0.64384,175.48,173.3,0.13947
83.681,83.017,0.37241,156.67,154.47,91.153,86.796,0.64313,175.62,173.41,0.1388
78.994,78.705,0.37245,156.33,154.1,91.129,86.694,0.64261,175.76,173.53,0.13822
74.356,74.438,0.37252,156.11,153.9,91.107,86.601,0.64229,175.88,173.64,0.13777
69.777,70.231,0.37262,156,153.86,91.088,86.52,0.64218,175.99,173.76,0.13744
65.269,66.1,0.37276,156.02,154,91.072,86.454,0.64227,176.09,173.88,0.13725
60.841,62.055,0.37292,156.17,154.32,91.06,86.404,0.64255,176.17,174.01,0.1372
56.505,58.108,0.37311,156.43,154.81,91.053,86.37,0.64299,176.24,174.13,0.13728
52.272,54.269,0.37333,156.81,155.44,91.049,86.353,0.64357,176.29,174.25,0.13749
48.152,50.545,0.37356,157.28,156.2,91.05,86.354,0.64424,176.33,174.37,0.13782
44.158,46.943,0.37382,157.82,157.05,91.055,86.369,0.64496,176.36,174.49,0.13826
40.3,43.471,0.37408,158.44,157.98,91.064,86.399,0.64569,176.37,174.6,0.13879
36.593,40.136,0.37435,159.09,158.94,91.076,86.442,0.64641,176.37,174.71,0.1394
33.046,36.944,0.37462,159.79,159.93,91.092,86.495,0.64706,176.36,174.81,0.14007
29.671,33.902,0.37488,160.51,160.92,91.109,86.556,0.64764,176.35,174.89,0.14077
26.477,31.018,0.37513,161.23,161.88,91.129,86.623,0.64813,176.32,174.97,0.14151
23.469,28.294,0.37536,161.96,162.81,91.15,86.694,0.64852,176.3,175.03,0.14224
20.654,25.735,0.37557,162.68,163.69,91.171,86.767,0.6488,176.27,175.08,0.14297
18.031,23.342,0.37577,163.39,164.52,91.193,86.84,0.64899,176.24,175.11,0.14368
15.601,21.114,0.37594,164.07,165.28,91.215,86.911,0.64911,176.2,175.13,0.14436
13.36,19.049,0.37608,164.72,165.98,91.237,86.98,0.64916,176.17,175.13,0.14499
11.303,17.14,0.3762,165.34,166.62,91.259,87.045,0.64917,176.14,175.12,0.14557
9.4213,15.382,0.37631,165.92,167.18,91.281,87.106,0.64916,176.11,175.1,0.1461
7.7064,13.766,0.37639,166.47,167.69,91.303,87.162,0.64915,176.08,175.07,0.14657
6.1474,12.284,0.37645,166.97,168.13,91.325,87.213,0.64915,176.06,175.03,0.14699
4.733,10.924,0.37649,167.44,168.52,91.349,87.26,0.64918,176.04,174.98,0.14735
3.4511,9.6762,0.37652,167.86,168.86,91.374,87.302,0.64923,176.02,174.93,0.14765
2.2895,8.5301,0.37654,168.25,169.15,91.399,87.339,0.64933,176.01,174.88,0.14791
1.2363,7.4751,0.37655,168.6,169.4,91.426,87.372,0.64947,176.01,174.83,0.14811
0.28013,6.5015,0.37655,168.91,169.62,91.454,87.399,0.64964,176,174.77,0.14828
-0.58948,5.6005,0.37654,169.18,169.8,91.483,87.422,0.64984,176.01,174.72,0.14842
-1.3818,4.7646,0.37652,169.42,169.95,91.512,87.44,0.65006,176.01,174.67,0.14852
-2.1048,3.9879,0.3765,169.62,170.07,91.541,87.453,0.6503,176.02,174.63,0.1486
-2.7646,3.2662,0.37647,169.78,170.17,91.57,87.461,0.65054,176.04,174.58,0.14867
-3.3656,2.597,0.37645,169.91,170.23,91.598,87.465,0.65078,176.05,174.55,0.14873
-3.9099,1.9802,0.37642,170,170.28,91.624,87.465,0.65101,176.07,174.51,0.14877
-4.3974,1.4175,0.3764,170.05,170.29,91.649,87.46,0.65122,176.09,174.48,0.14882
-4.8255,0.91353,0.37638,170.06,170.27,91.671,87.451,0.65142,176.12,174.46,0.14887
-5.1886,0.475,0.37637,170.03,170.22,91.691,87.437,0.65159,176.14,174.44,0.14891
-5.4786,0.1115,0.37637,169.94,170.13,91.707,87.42,0.65175,176.17,174.43,0.14897
-5.6841,-0.16476,0.37638,169.81,170.01,91.72,87.4,0.65188,176.19,174.42,0.14902
-5.7912,-0.33897,0.37639,169.63,169.83,91.728,87.375,0.65199,176.22,174.41,0.14908
-5.7831,-0.39387,0.37643,169.39,169.61,91.733,87.348,0.65207,176.24,174.41,0.14914
-5.6407,-0.31007,0.37647,169.1,169.33,91.733,87.316,0.65215,176.27,174.42,0.1492
-5.3428,-0.066525,0.37653,168.76,169,91.729,87.281,0.6522,176.3,174.43,0.14925
-4.8672,0.35891,0.37661,168.37,168.62,91.72,87.243,0.65224,176.32,174.44,0.14929
-4.1909,0.98877,0.3767,167.93,168.18,91.706,87.201,0.65227,176.35,174.46,0.14931
-3.2913,1.8451,0.3768,167.44,167.68,91.687,87.156,0.65228,176.37,174.48,0.14931
-2.1468,2.9487,0.37692,166.92,167.13,91.663,87.107,0.65227,176.4,174.51,0.14928
-0.73816,4.318,0.37704,166.36,166.54,91.636,87.056,0.65223,176.43,174.54,0.14922
0.9511,5.9683,0.37716,165.78,165.9,91.604,87.002,0.65218,176.46,174.57,0.14912
2.9334,7.9109,0.37729,165.17,165.23,91.569,86.948,0.65208,176.49,174.61,0.14898
5.2166,10.153,0.37741,164.56,164.53,91.533,86.893,0.65195,176.53,174.64,0.14878
7.8033,12.694,0.37752,163.95,163.8,91.496,86.84,0.65176,176.56,174.68,0.14853
10.691,15.532,0.37761,163.34,163.06,91.46,86.791,0.65151,176.6,174.72,0.14823
13.87,18.656,0.37768,162.74,162.31,91.427,86.747,0.65119,176.64,174.76,0.14787
17.328,22.05,0.37772,162.17,161.56,91.399,86.71,0.65079,176.69,174.8,0.14745
21.045,25.692,0.37773,161.62,160.81,91.378,86.683,0.6503,176.73,174.84,0.14698
24.998,29.558,0.37771,161.11,160.07,91.365,86.668,0.64974,176.77,174.88,0.14647
29.16,33.615,0.37765,160.63,159.36,91.362,86.667,0.64911,176.82,174.91,0.14592
33.501,37.832,0.37755,160.2,158.67,91.372,86.68,0.64842,176.86,174.94,0.14535
37.99,42.172,0.3774,159.81,158.01,91.394,86.71,0.6477,176.89,174.97,0.14475
42.595,46.601,0.37722,159.48,157.4,91.43,86.757,0.64698,176.92,174.99,0.14416
47.288,51.083,0.37699,159.19,156.85,91.478,86.82,0.64628,176.95,175.01,0.14358
52.039,55.586,0.37673,158.96,156.38,91.54,86.9,0.64564,176.96,175.02,0.14302
56.822,60.079,0.37644,158.79,155.99,91.614,86.994,0.6451,176.97,175.02,0.14251
61.614,64.535,0.37612,158.69,155.71,91.698,87.101,0.64469,176.97,175.01,0.14206
66.394,68.931,0.37578,158.66,155.54,91.789,87.218,0.64443,176.95,175,0.14167
71.146,73.246,0.37543,158.7,155.5,91.887,87.344,0.64435,176.93,174.98,0.14138
75.853,77.467,0.37506,158.81,155.57,91.987,87.475,0.64445,176.89,174.94,0.14117
80.503,81.583,0.3747,158.99,155.76,92.089,87.61,0.64473,176.85,174.9,0.14107
85.085,85.587,0.37434,159.22,156.06,92.188,87.744,0.64519,176.79,174.84,0.14106
89.59,89.478,0.37399,159.5,156.44,92.284,87.876,0.64582,176.72,174.78,0.14115
94.008,93.255,0.37365,159.81,156.89,92.374,88.004,0.64657,176.64,174.7,0.14134
98.331,96.919,0.37332,160.13,157.39,92.457,88.127,0.64745,176.56,174.62,0.14161
102.55,100.47,0.37302,160.46,157.92,92.531,88.243,0.6484,176.46,174.53,0.14197
106.66,103.92,0.37275,160.77,158.45,92.597,88.351,0.64942,176.37,174.43,0.1424
110.65,107.27,0.3725,161.06,158.98,92.652,88.45,0.65047,176.27,174.33,0.14289
114.51,110.53,0.37228,161.31,159.48,92.698,88.54,0.65153,176.17,174.22,0.14344
118.24,113.69,0.3721,161.53,159.95,92.733,88.621,0.65258,176.06,174.12,0.14404
121.83,116.77,0.37196,161.69,160.37,92.759,88.691,0.65361,175.96,174.02,0.14467
125.28,119.76,0.37186,161.81,160.74,92.775,88.752,0.6546,175.86,173.92,0.14532
128.58,122.67,0.3718,161.89,161.06,92.782,88.803,0.65554,175.76,173.83,0.146
131.72,125.5,0.37178,161.92,161.33,92.781,88.846,0.65643,175.67,173.74,0.14669
134.72,128.25,0.3718,161.91,161.56,92.772,88.879,0.65725,175.58,173.66,0.14737
137.55,130.93,0.37185,161.86,161.74,92.756,88.905,0.658,175.49,173.59,0.14806
140.24,133.53,0.37194,161.79,161.89,92.735,88.923,0.65869,175.4,173.52,0.14872
142.76,136.05,0.37206,161.7,162.01,92.708,88.934,0.6593,175.33,173.47,0.14937
145.14,138.49,0.3722,161.6,162.12,92.678,88.94,0.65984,175.25,173.42,0.14998
147.36,140.84,0.37237,161.49,162.2,92.644,88.941,0.6603,175.19,173.39,0.15056
149.44,143.1,0.37255,161.37,162.28,92.607,88.937,0.66071,175.13,173.36,0.1511
151.38,145.28,0.37275,161.27,162.36,92.569,88.93,0.66105,175.08,173.34,0.1516
153.18,147.35,0.37294,161.17,162.43,92.529,88.919,0.66134,175.04,173.32,0.15205
154.84,149.33,0.37314,161.08,162.49,92.487,88.905,0.66159,175.01,173.31,0.15246
156.37,151.19,0.37333,161.01,162.56,92.445,88.889,0.66179,174.99,173.31,0.15282
157.78,152.95,0.37352,160.95,162.63,92.402,88.87,0.66197,174.98,173.32,0.15313
159.06,154.58,0.3737,160.9,162.69,92.358,88.85,0.66213,174.98,173.33,0.15339
160.23,156.08,0.37386,160.87,162.75,92.314,88.827,0.66228,174.99,173.34,0.15361
161.28,157.44,0.37401,160.85,162.8,92.269,88.804,0.66241,175,173.35,0.15379
162.22,158.66,0.37415,160.85,162.83,92.224,88.779,0.66254,175.03,173.37,0.15393
163.06,159.72,0.37427,160.85,162.85,92.179,88.754,0.66266,175.05,173.39,0.15404
163.78,160.62,0.37437,160.87,162.85,92.134,88.728,0.66277,175.08,173.41,0.15413
164.41,161.35,0.37446,160.88,162.81,92.091,88.702,0.66288,175.12,173.42,0.15419
164.92,161.9,0.37453,160.9,162.75,92.048,88.678,0.66296,175.15,173.44,0.15422
165.33,162.26,0.37459,160.92,162.66,92.007,88.654,0.66303,175.18,173.45,0.15425
165.62,162.43,0.37463,160.94,162.53,91.969,88.632,0.66308,175.21,173.46,0.15426
165.81,162.4,0.37466,160.95,162.36,91.933,88.611,0.66309,175.24,173.47,0.15425
165.87,162.16,0.37467,160.95,162.16,91.901,88.593,0.66308,175.27,173.47,0.15425
165.81,161.73,0.37467,160.93,161.91,91.872,88.576,0.66304,175.29,173.46,0.15423
165.61,161.09,0.37465,160.9,161.64,91.848,88.562,0.66296,175.3,173.45,0.15421
165.28,160.25,0.37462,160.85,161.33,91.827,88.55,0.66286,175.31,173.43,0.15418
164.8,159.21,0.37458,160.78,161,91.81,88.54,0.66273,175.32,173.4,0.15415
164.17,157.99,0.37453,160.69,160.65,91.796,88.53,0.66258,175.33,173.37,0.1541
163.37,156.58,0.37447,160.58,160.28,91.786,88.521,0.66241,175.33,173.33,0.15404
162.41,155.01,0.3744,160.44,159.92,91.778,88.511,0.66224,175.33,173.28,0.15397
161.26,153.28,0.37432,160.28,159.55,91.772,88.5,0.66207,175.33,173.23,0.15387
159.93,151.4,0.37423,160.1,159.19,91.765,88.486,0.66191,175.33,173.18,0.15375
158.4,149.39,0.37414,159.89,158.85,91.758,88.468,0.66176,175.33,173.12,0.15359
156.68,147.26,0.37404,159.65,158.52,91.75,88.444,0.66163,175.33,173.06,0.15339
154.75,145.01,0.37393,159.39,158.21,91.738,88.415,0.66151,175.34,173.01,0.15315
152.6,142.66,0.37383,159.09,157.91,91.722,88.377,0.6614,175.35,172.96,0.15285
150.25,140.21,0.37372,158.76,157.61,91.702,88.331,0.6613,175.37,172.91,0.1525
147.67,137.67,0.37362,158.4,157.32,91.677,88.277,0.6612,175.39,172.87,0.1521
144.88,135.03,0.37352,158,157.02,91.646,88.213,0.66107,175.42,172.84,0.15163
141.88,132.29,0.37342,157.56,156.7,91.609,88.141,0.66092,175.45,172.81,0.1511
138.65,129.47,0.37334,157.09,156.36,91.568,88.06,0.66071,175.49,172.8,0.15051
135.22,126.54,0.37326,156.58,155.98,91.522,87.971,0.66044,175.53,172.8,0.14987
131.58,123.5,0.37319,156.04,155.56,91.472,87.874,0.66009,175.57,172.81,0.14916
127.75,120.36,0.37313,155.47,155.1,91.419,87.772,0.65963,175.62,172.84,0.14841
123.73,117.09,0.37309,154.89,154.59,91.365,87.665,0.65908,175.67,172.87,0.14762
119.52,113.7,0.37307,154.29,154.04,91.31,87.555,0.65841,175.73,172.92,0.1468
115.16,110.19,0.37307,153.7,153.45,91.254,87.442,0.65763,175.78,172.97,0.14595
110.65,106.54,0.37309,153.13,152.83,91.2,87.329,0.65675,175.84,173.04,0.1451
106.01,102.77,0.37312,152.59,152.19,91.147,87.216,0.65579,175.9,173.11,0.14425
101.26,98.866,0.37318,152.11,151.56,91.097,87.105,0.65477,175.97,173.2,0.14342
96.426,94.845,0.37327,151.7,150.94,91.049,86.998,0.65372,176.03,173.29,0.14262
91.529,90.714,0.37338,151.38,150.37,91.005,86.894,0.65266,176.09,173.39,0.14186
86.595,86.486,0.37351,151.17,149.86,90.963,86.797,0.65163,176.15,173.5,0.14118
81.648,82.178,0.37366,151.08,149.45,90.925,86.705,0.65068,176.21,173.61,0.14057
76.715,77.81,0.37384,151.13,149.14,90.89,86.622,0.64982,176.28,173.74,0.14005
71.82,73.404,0.37404,151.33,148.97,90.858,86.547,0.64908,176.34,173.87,0.13964
66.987,68.987,0.37426,151.68,148.95,90.829,86.48,0.6485,176.4,174.01,0.13935
62.238,64.586,0.37449,152.16,149.09,90.801,86.423,0.64806,176.46,174.16,0.13918
57.595,60.232,0.37474,152.78,149.4,90.776,86.375,0.64779,176.51,174.31,0.13914
53.077,55.953,0.37501,153.51,149.86,90.751,86.335,0.64766,176.57,174.46,0.13923
48.704,51.777,0.37528,154.33,150.48,90.726,86.304,0.64767,176.62,174.62,0.13943
44.491,47.729,0.37556,155.23,151.25,90.7,86.279,0.64778,176.66,174.78,0.13976
40.455,43.829,0.37584,156.18,152.13,90.673,86.26,0.64799,176.7,174.94,0.14019
36.61,40.095,0.37612,157.15,153.12,90.644,86.245,0.64826,176.74,175.09,0.14071
32.967,36.541,0.37639,158.13,154.18,90.613,86.235,0.64856,176.77,175.23,0.1413
29.536,33.177,0.37665,159.11,155.3,90.579,86.227,0.64887,176.79,175.37,0.14195
26.323,30.013,0.3769,160.06,156.44,90.542,86.222,0.64918,176.81,175.49,0.14264
23.332,27.05,0.37713,160.98,157.6,90.504,86.218,0.64947,176.82,175.6,0.14336
20.562,24.291,0.37734,161.86,158.75,90.464,86.216,0.64974,176.83,175.69,0.14408
18.01,21.732,0.37753,162.68,159.87,90.423,86.215,0.64998,176.83,175.77,0.14479
15.669,19.37,0.37769,163.45,160.95,90.384,86.218,0.65019,176.83,175.83,0.14548
13.53,17.198,0.37782,164.15,161.98,90.348,86.224,0.65038,176.82,175.87,0.14614
11.581,15.206,0.37794,164.8,162.95,90.317,86.234,0.65055,176.82,175.9,0.14676
9.8092,13.386,0.37802,165.38,163.86,90.293,86.251,0.65072,176.81,175.92,0.14732
8.1997,11.725,0.37808,165.9,164.69,90.277,86.275,0.65088,176.81,175.92,0.14784
6.7374,10.213,0.37812,166.36,165.45,90.271,86.307,0.65106,176.81,175.91,0.14829
5.407,8.8363,0.37814,166.77,166.13,90.276,86.348,0.65123,176.82,175.9,0.14869
4.1939,7.5848,0.37815,167.12,166.74,90.293,86.397,0.65142,176.83,175.87,0.14903
3.0842,6.4469,0.37815,167.43,167.28,90.321,86.456,0.65162,176.84,175.84,0.14933
2.0658,5.4129,0.37814,167.69,167.74,90.361,86.523,0.65182,176.86,175.81,0.14957
1.1284,4.474,0.37812,167.91,168.14,90.413,86.597,0.65203,176.88,175.77,0.14977
0.2639,3.6237,0.3781,168.09,168.47,90.474,86.677,0.65222,176.9,175.73,0.14993
-0.53298,2.8574,0.37808,168.23,168.73,90.543,86.761,0.6524,176.93,175.69,0.15005
-1.2647,2.1728,0.37807,168.33,168.92,90.62,86.848,0.65257,176.95,175.64,0.15015
-1.9307,1.5705,0.37805,168.4,169.05,90.702,86.935,0.65271,176.98,175.6,0.15023
-2.5272,1.0539,0.37805,168.42,169.11,90.788,87.021,0.65282,177.01,175.56,0.15029
-3.047,0.62922,0.37805,168.41,169.11,90.877,87.103,0.65291,177.03,175.53,0.15034
-3.48,0.30598,0.37805,168.35,169.03,90.966,87.18,0.65298,177.06,175.49,0.15038
-3.8129,0.096374,0.37806,168.25,168.89,91.053,87.25,0.65302,177.08,175.46,0.15041
-4.0294,0.015337,0.37807,168.1,168.66,91.138,87.312,0.65305,177.1,175.44,0.15043
-4.111,0.080101,0.37809,167.9,168.37,91.22,87.364,0.65307,177.11,175.41,0.15045
-4.037,0.30973,0.3781,167.64,167.99,91.296,87.405,0.65309,177.13,175.4,0.15046
-3.7851,0.72452,0.37812,167.34,167.54,91.366,87.434,0.65311,177.15,175.38,0.15045
-3.3323,1.3453,0.37813,166.98,167,91.429,87.452,0.65314,177.16,175.38,0.15043
-2.6556,2.1924,0.37815,166.57,166.39,91.485,87.458,0.65318,177.18,175.38,0.15039
-1.7327,3.2854,0.37815,166.11,165.71,91.533,87.453,0.65323,177.21,175.39,0.15034
-0.54284,4.6415,0.37816,165.61,164.95,91.573,87.437,0.65329,177.23,175.4,0.15025
0.93206,6.2749,0.37815,165.07,164.12,91.605,87.411,0.65335,177.27,175.43,0.15014
2.707,8.1966,0.37814,164.5,163.24,91.63,87.377,0.65339,177.31,175.46,0.14998
4.793,10.413,0.37812,163.9,162.3,91.648,87.336,0.65341,177.36,175.5,0.1498
7.1967,12.925,0.37809,163.29,161.32,91.66,87.29,0.65339,177.42,175.55,0.14957
9.9199,15.73,0.37804,162.68,160.31,91.666,87.241,0.65331,177.49,175.6,0.14929
12.96,18.819,0.37798,162.07,159.27,91.669,87.191,0.65316,177.57,175.66,0.14898
16.307,22.178,0.3779,161.47,158.23,91.67,87.143,0.65293,177.66,175.72,0.14862
19.95,25.789,0.37779,160.89,157.2,91.669,87.1,0.65262,177.75,175.78,0.14821
23.87,29.628,0.37767,160.34,156.19,91.668,87.063,0.65223,177.85,175.84,0.14778
28.046,33.671,0.37753,159.84,155.23,91.67,87.036,0.65178,177.95,175.89,0.14731
32.453,37.889,0.37736,159.37,154.33,91.675,87.019,0.65129,178.06,175.94,0.14681
37.062,42.253,0.37717,158.96,153.51,91.684,87.014,0.65078,178.15,175.98,0.14631
41.845,46.734,0.37697,158.61,152.81,91.699,87.024,0.6503,178.24,176.02,0.1458
46.77,51.303,0.37675,158.33,152.23,91.721,87.048,0.64988,178.32,176.04,0.1453
51.807,55.932,0.37652,158.11,151.8,91.75,87.087,0.64955,178.39,176.05,0.14482
56.925,60.593,0.37629,157.97,151.54,91.786,87.14,0.64936,178.44,176.05,0.14438
62.096,65.262,0.37605,157.92,151.45,91.83,87.207,0.64932,178.47,176.03,0.14399
67.292,69.917,0.37581,157.94,151.54,91.88,87.286,0.64946,178.48,176.01,0.14367
72.486,74.535,0.37558,158.05,151.8,91.937,87.377,0.64977,178.48,175.97,0.14341
77.654,79.1,0.37536,158.23,152.22,91.998,87.476,0.65027,178.45,175.92,0.14324
82.772,83.596,0.37514,158.47,152.78,92.062,87.583,0.65093,178.41,175.87,0.14316
87.82,88.011,0.37494,158.75,153.45,92.129,87.695,0.65172,178.36,175.8,0.14318
92.776,92.333,0.37476,159.07,154.21,92.196,87.809,0.65263,178.28,175.73,0.14329
97.622,96.555,0.37459,159.41,155.02,92.261,87.924,0.65363,178.2,175.66,0.1435
102.34,100.67,0.37444,159.74,155.87,92.324,88.037,0.65467,178.11,175.58,0.14379
106.92,104.67,0.3743,160.06,156.73,92.384,88.148,0.65574,178.01,175.5,0.14418
111.35,108.55,0.37419,160.34,157.56,92.438,88.253,0.6568,177.9,175.42,0.14465
115.61,112.32,0.37409,160.59,158.36,92.486,88.352,0.65783,177.79,175.34,0.14519
119.7,115.97,0.37401,160.78,159.1,92.527,88.444,0.6588,177.69,175.27,0.14578
123.61,119.51,0.37395,160.92,159.78,92.561,88.528,0.6597,177.59,175.19,0.14643
127.34,122.93,0.37391,161,160.38,92.587,88.602,0.66052,177.49,175.12,0.14712
130.89,126.24,0.37388,161.03,160.9,92.604,88.666,0.66125,177.4,175.06,0.14783
134.25,129.44,0.37387,161,161.33,92.614,88.721,0.66187,177.31,175,0.14856
137.42,132.53,0.37387,160.93,161.68,92.615,88.766,0.66239,177.23,174.95,0.14929
140.43,135.52,0.37389,160.81,161.96,92.608,88.801,0.6628,177.16,174.9,0.15001
143.26,138.41,0.37391,160.65,162.15,92.593,88.826,0.6631,177.1,174.86,0.15071
145.92,141.2,0.37394,160.46,162.27,92.571,88.842,0.66329,177.05,174.83,0.15138
148.44,143.9,0.37398,160.24,162.33,92.543,88.85,0.66337,177,174.8,0.15202
150.8,146.49,0.37401,160.01,162.34,92.508,88.851,0.66334,176.96,174.78,0.15261
153.02,148.98,0.37405,159.78,162.29,92.469,88.844,0.66322,176.93,174.77,0.15316
155.11,151.37,0.37409,159.54,162.21,92.426,88.832,0.66301,176.9,174.77,0.15367
157.07,153.65,0.37412,159.3,162.09,92.38,88.815,0.66274,176.88,174.77,0.15412
158.91,155.82,0.37416,159.08,161.96,92.332,88.795,0.6624,176.86,174.77,0.15453
160.62,157.87,0.37419,158.87,161.81,92.284,88.772,0.66203,176.83,174.79,0.15489
162.21,159.78,0.37421,158.68,161.65,92.236,88.747,0.66163,176.81,174.8,0.15521
163.69,161.56,0.37424,158.52,161.49,92.189,88.723,0.66123,176.78,174.82,0.15548
165.04,163.18,0.37426,158.38,161.34,92.145,88.699,0.66083,176.75,174.84,0.15571
166.28,164.65,0.37428,158.27,161.19,92.104,88.677,0.66046,176.71,174.87,0.15591
167.39,165.95,0.37431,158.18,161.05,92.068,88.658,0.66012,176.66,174.89,0.15606
168.37,167.07,0.37433,158.12,160.93,92.037,88.642,0.65982,176.61,174.91,0.15618
169.22,167.99,0.37436,158.09,160.83,92.012,88.631,0.65957,176.55,174.93,0.15627
169.94,168.72,0.3744,158.07,160.74,91.994,88.624,0.65938,176.48,174.94,0.15634
170.51,169.24,0.37445,158.09,160.67,91.982,88.623,0.65924,176.4,174.95,0.15638
170.93,169.53,0.3745,158.12,160.63,91.978,88.627,0.65916,176.32,174.95,0.15639
171.2,169.61,0.37457,158.17,160.6,91.981,88.636,0.65913,176.24,174.95,0.15638
171.31,169.45,0.37464,158.24,160.59,91.99,88.65,0.65915,176.15,174.94,0.15636
171.26,169.05,0.37473,158.33,160.59,92.005,88.669,0.65921,176.06,174.92,0.15631
171.03,168.41,0.37483,158.44,160.6,92.025,88.692,0.6593,175.97,174.89,0.15625
170.61,167.53,0.37493,158.56,160.63,92.05,88.718,0.65941,175.88,174.85,0.15618
170.02,166.42,0.37505,158.7,160.66,92.079,88.746,0.65953,175.79,174.81,0.15609
169.23,165.06,0.37518,158.85,160.69,92.109,88.774,0.65966,175.71,174.76,0.15598
168.24,163.48,0.37531,159.02,160.71,92.139,88.802,0.65978,175.64,174.7,0.15586
167.05,161.67,0.37544,159.2,160.73,92.169,88.827,0.6599,175.57,174.63,0.15572
165.66,159.66,0.37557,159.38,160.73,92.197,88.848,0.65999,175.51,174.56,0.15556
164.06,157.43,0.3757,159.57,160.71,92.221,88.865,0.66007,175.46,174.48,0.15539
162.26,155.02,0.37582,159.75,160.66,92.24,88.875,0.66012,175.42,174.41,0.15519
160.25,152.43,0.37593,159.91,160.57,92.252,88.877,0.66013,175.38,174.33,0.15496
158.03,149.68,0.37603,160.05,160.45,92.259,88.87,0.6601,175.36,174.24,0.1547
155.61,146.78,0.3761,160.15,160.29,92.258,88.854,0.66002,175.36,174.17,0.1544
152.99,143.74,0.37615,160.21,160.08,92.249,88.828,0.65988,175.36,174.09,0.15406
150.17,140.57,0.37618,160.19,159.82,92.233,88.792,0.65968,175.38,174.02,0.15368
147.16,137.29,0.37619,160.11,159.5,92.209,88.745,0.6594,175.41,173.95,0.15324
143.95,133.91,0.37617,159.94,159.13,92.178,88.688,0.65904,175.45,173.9,0.15275
140.56,130.43,0.37613,159.69,158.71,92.142,88.622,0.65859,175.51,173.85,0.15221
137,126.86,0.37607,159.33,158.22,92.1,88.547,0.65804,175.58,173.82,0.15161
133.26,123.21,0.37599,158.88,157.68,92.054,88.463,0.6574,175.67,173.79,0.15095
129.36,119.49,0.3759,158.33,157.09,92.005,88.373,0.65665,175.77,173.79,0.15024
125.31,115.7,0.3758,157.69,156.44,91.953,88.277,0.65581,175.88,173.79,0.14949
121.11,111.86,0.37569,156.97,155.76,91.901,88.176,0.65488,176,173.81,0.1487
116.79,107.96,0.37559,156.17,155.04,91.85,88.073,0.65388,176.13,173.85,0.14787
112.34,104.03,0.37548,155.32,154.31,91.8,87.968,0.65282,176.27,173.9,0.14703
107.8,100.06,0.37538,154.42,153.58,91.753,87.864,0.65174,176.42,173.96,0.14617
103.18,96.069,0.37529,153.52,152.87,91.709,87.761,0.65066,176.57,174.04,0.14532
98.491,92.068,0.37522,152.63,152.2,91.669,87.663,0.64962,176.73,174.12,0.14449
93.761,88.065,0.37516,151.78,151.59,91.634,87.57,0.64864,176.89,174.22,0.1437
89.01,84.069,0.37513,151.01,151.07,91.604,87.483,0.64776,177.05,174.33,0.14297
84.26,80.09,0.37512,150.34,150.66,91.579,87.404,0.64703,177.21,174.45,0.1423
79.533,76.135,0.37514,149.8,150.37,91.559,87.335,0.64645,177.36,174.58,0.14173
74.853,72.211,0.37519,149.42,150.24,91.543,87.274,0.64607,177.5,174.72,0.14125
70.24,68.326,0.37528,149.22,150.25,91.531,87.224,0.64588,177.63,174.87,0.1409
65.714,64.485,0.3754,149.2,150.43,91.522,87.183,0.6459,177.75,175.02,0.14066
61.293,60.697,0.37556,149.38,150.77,91.517,87.153,0.64611,177.86,175.17,0.14056
56.993,56.968,0.37575,149.73,151.26,91.513,87.131,0.6465,177.95,175.33,0.14059
52.827,53.303,0.37598,150.24,151.89,91.511,87.117,0.64703,178.02,175.49,0.14076
48.806,49.71,0.37623,150.91,152.65,91.51,87.11,0.64769,178.08,175.65,0.14104
44.938,46.194,0.37651,151.7,153.52,91.51,87.11,0.64842,178.12,175.81,0.14144
41.227,42.763,0.3768,152.59,154.46,91.511,87.115,0.64919,178.15,175.96,0.14194
37.676,39.422,0.37711,153.55,155.48,91.511,87.123,0.64996,178.16,176.1,0.14253
34.285,36.179,0.37742,154.57,156.53,91.511,87.135,0.65068,178.17,176.23,0.14319
31.054,33.042,0.37772,155.62,157.61,91.511,87.149,0.65133,178.16,176.35,0.1439
27.981,30.019,0.37801,156.67,158.69,91.511,87.165,0.65189,178.14,176.46,0.14465
25.06,27.116,0.37828,157.72,159.77,91.511,87.181,0.65234,178.12,176.54,0.14542
22.288,24.34,0.37853,158.75,160.82,91.512,87.199,0.65268,178.09,176.61,0.14619
19.66,21.697,0.37875,159.74,161.83,91.513,87.217,0.65291,178.06,176.66,0.14695
17.17,19.19,0.37894,160.68,162.8,91.517,87.236,0.65303,178.02,176.69,0.14769
14.813,16.823,0.37909,161.55,163.71,91.523,87.256,0.65308,177.99,176.71,0.14839
12.584,14.598,0.37922,162.36,164.54,91.532,87.277,0.65306,177.96,176.7,0.14905
10.48,12.518,0.37931,163.09,165.31,91.543,87.298,0.65301,177.94,176.69,0.14965
8.4995,10.584,0.37937,163.74,165.98,91.559,87.32,0.65293,177.91,176.66,0.1502
6.6415,8.8009,0.3794,164.31,166.57,91.578,87.342,0.65286,177.9,176.63,0.15069
4.9083,7.1718,0.37941,164.78,167.06,91.6,87.364,0.6528,177.89,176.58,0.15113
3.3048,5.7026,0.3794,165.16,167.45,91.624,87.385,0.65278,177.88,176.54,0.1515
1.8383,4.4012,0.37937,165.45,167.74,91.651,87.404,0.6528,177.88,176.49,0.15182
0.51988,3.2779,0.37933,165.64,167.92,91.678,87.42,0.65287,177.89,176.44,0.15209
-0.63654,2.3454,0.37928,165.73,167.98,91.705,87.433,0.65299,177.9,176.4,0.15231
-1.6135,1.6192,0.37924,165.73,167.93,91.731,87.441,0.65315,177.91,176.36,0.15249
-2.3904,1.1172,0.37919,165.63,167.77,91.756,87.445,0.65335,177.93,176.32,0.15262
-2.9435,0.85981,0.37915,165.44,167.49,91.777,87.444,0.65358,177.95,176.3,0.15271
-3.2469,0.86894,0.37913,165.15,167.09,91.795,87.437,0.65383,177.98,176.28,0.15276
-3.2728,1.1678,0.37911,164.78,166.58,91.809,87.425,0.65409,178,176.26,0.15277
-2.9921,1.7798,0.37911,164.32,165.95,91.818,87.408,0.65435,178.03,176.26,0.15274
-2.376,2.7276,0.37912,163.79,165.23,91.823,87.385,0.65459,178.06,176.26,0.15268
-1.3969,4.0319,0.37914,163.19,164.4,91.824,87.358,0.6548,178.08,176.27,0.15257
-0.029406,5.7103,0.37918,162.53,163.5,91.821,87.328,0.65499,178.11,176.28,0.15241
1.748,7.7761,0.37922,161.83,162.52,91.814,87.296,0.65512,178.14,176.29,0.15221
3.9517,10.237,0.37927,161.1,161.49,91.806,87.262,0.65521,178.17,176.31,0.15196
6.5923,13.095,0.37933,160.35,160.43,91.797,87.229,0.65524,178.2,176.32,0.15165
9.673,16.343,0.37938,159.61,159.35,91.789,87.199,0.65521,178.23,176.34,0.1513
13.189,19.97,0.37943,158.88,158.27,91.783,87.173,0.65512,178.27,176.35,0.1509
17.128,23.955,0.37946,158.2,157.22,91.781,87.153,0.65498,178.3,176.36,0.15045
21.47,28.272,0.37948,157.56,156.21,91.783,87.14,0.65478,178.33,176.37,0.14996
26.185,32.887,0.37947,156.98,155.27,91.792,87.137,0.65455,178.36,176.36,0.14943
31.238,37.763,0.37943,156.48,154.42,91.809,87.144,0.65429,178.39,176.35,0.14889
36.586,42.857,0.37936,156.05,153.68,91.833,87.163,0.65403,178.42,176.34,0.14833
42.184,48.126,0.37925,155.71,153.07,91.866,87.194,0.65379,178.44,176.31,0.14778
47.981,53.524,0.3791,155.46,152.6,91.907,87.237,0.6536,178.45,176.28,0.14725
53.924,59.006,0.3789,155.3,152.29,91.957,87.293,0.65348,178.45,176.23,0.14677
59.963,64.528,0.37867,155.23,152.14,92.014,87.361,0.65345,178.45,176.18,0.14633
66.045,70.047,0.37841,155.23,152.16,92.079,87.441,0.65353,178.43,176.13,0.14597
72.124,75.524,0.37813,155.3,152.34,92.148,87.53,0.65373,178.41,176.07,0.14569
78.155,80.922,0.37782,155.44,152.67,92.222,87.628,0.65404,178.37,176,0.14551
84.098,86.213,0.37751,155.62,153.13,92.298,87.733,0.65446,178.32,175.93,0.14542
89.919,91.371,0.37719,155.84,153.71,92.375,87.842,0.65499,178.26,175.86,0.14544
95.587,96.376,0.37687,156.09,154.37,92.45,87.955,0.6556,178.2,175.78,0.14557
101.08,101.22,0.37656,156.36,155.1,92.522,88.068,0.65627,178.12,175.71,0.14579
106.37,105.88,0.37626,156.62,155.87,92.589,88.18,0.65699,178.04,175.63,0.14612
111.45,110.37,0.37598,156.89,156.65,92.65,88.287,0.65774,177.96,175.55,0.14653
116.3,114.67,0.37572,157.15,157.43,92.701,88.389,0.65849,177.87,175.48,0.14702
120.92,118.8,0.37548,157.39,158.19,92.743,88.482,0.65923,177.79,175.4,0.14758
125.3,122.75,0.37526,157.62,158.9,92.773,88.565,0.65994,177.71,175.33,0.14819
129.43,126.54,0.37507,157.83,159.56,92.79,88.635,0.66062,177.63,175.25,0.14885
133.32,130.16,0.37489,158.01,160.16,92.794,88.692,0.66124,177.55,175.17,0.14954
136.97,133.63,0.37475,158.16,160.69,92.783,88.735,0.66179,177.49,175.09,0.15024
140.38,136.95,0.37462,158.28,161.15,92.759,88.762,0.66228,177.42,175.01,0.15096
143.56,140.12,0.37452,158.37,161.52,92.721,88.775,0.66268,177.36,174.92,0.15167
146.51,143.14,0.37444,158.42,161.83,92.671,88.773,0.663,177.31,174.83,0.15236
149.25,146.02,0.37437,158.45,162.06,92.609,88.758,0.66323,177.26,174.74,0.15303
151.78,148.75,0.37433,158.44,162.22,92.537,88.73,0.66337,177.21,174.64,0.15367
154.12,151.32,0.37431,158.41,162.32,92.457,88.691,0.66342,177.16,174.53,0.15426
156.26,153.75,0.3743,158.35,162.37,92.37,88.644,0.66338,177.11,174.42,0.15481
158.23,156.01,0.37431,158.27,162.36,92.28,88.589,0.66327,177.06,174.31,0.15532
160.01,158.09,0.37433,158.16,162.32,92.187,88.529,0.66309,177.01,174.19,0.15577
161.63,160,0.37436,158.05,162.24,92.094,88.465,0.66286,176.95,174.07,0.15617
163.08,161.73,0.37439,157.92,162.13,92.002,88.4,0.66257,176.89,173.94,0.15652
164.36,163.26,0.37443,157.78,162.01,91.912,88.334,0.66225,176.82,173.82,0.15682
165.48,164.58,0.37446,157.63,161.87,91.827,88.269,0.66191,176.75,173.7,0.15707
166.45,165.7,0.37449,157.49,161.72,91.747,88.207,0.66156,176.67,173.58,0.15729
167.25,166.59,0.37451,157.34,161.56,91.673,88.148,0.6612,176.59,173.47,0.15746
167.9,167.27,0.37453,157.2,161.41,91.606,88.093,0.66086,176.5,173.37,0.1576
168.39,167.72,0.37453,157.06,161.25,91.546,88.042,0.66055,176.41,173.27,0.1577
168.72,167.94,0.37453,156.93,161.1,91.493,87.998,0.66026,176.32,173.18,0.15778
168.9,167.93,0.37451,156.82,160.96,91.449,87.959,0.66001,176.23,173.1,0.15784
168.92,167.69,0.37449,156.72,160.82,91.412,87.925,0.6598,176.14,173.03,0.15788
168.79,167.22,0.37446,156.64,160.69,91.382,87.898,0.65965,176.05,172.97,0.15791
168.5,166.53,0.37442,156.59,160.56,91.361,87.877,0.65955,175.97,172.92,0.15792
168.06,165.62,0.37438,156.55,160.43,91.346,87.862,0.6595,175.88,172.88,0.15791
167.47,164.49,0.37434,156.55,160.3,91.338,87.853,0.65951,175.8,172.85,0.1579
166.72,163.16,0.37429,156.57,160.17,91.337,87.849,0.65957,175.72,172.83,0.15787
165.83,161.63,0.37426,156.62,160.04,91.341,87.85,0.65969,175.65,172.82,0.15784
164.79,159.92,0.37423,156.68,159.89,91.352,87.856,0.65984,175.57,172.81,0.15778
163.61,158.04,0.37421,156.77,159.74,91.367,87.867,0.66003,175.5,172.82,0.15771
162.3,156.01,0.3742,156.87,159.58,91.386,87.881,0.66024,175.43,172.82,0.15762
160.85,153.84,0.3742,156.98,159.41,91.41,87.899,0.66046,175.37,172.84,0.1575
159.27,151.54,0.37422,157.09,159.22,91.436,87.919,0.66067,175.31,172.86,0.15735
157.56,149.13,0.37424,157.2,159.02,91.465,87.941,0.66087,175.26,172.88,0.15716
155.72,146.63,0.37428,157.29,158.79,91.497,87.964,0.66103,175.21,172.91,0.15693
153.75,144.04,0.37432,157.37,158.55,91.53,87.988,0.66115,175.17,172.94,0.15666
151.65,141.38,0.37437,157.41,158.29,91.563,88.012,0.66121,175.14,172.97,0.15634
149.4,138.65,0.37443,157.42,158.01,91.598,88.034,0.66121,175.12,173.01,0.15597
147.01,135.86,0.37448,157.38,157.7,91.632,88.055,0.66113,175.11,173.05,0.15554
144.46,133.03,0.37452,157.29,157.36,91.665,88.073,0.66096,175.12,173.09,0.15506
141.76,130.14,0.37456,157.14,156.99,91.698,88.087,0.66069,175.14,173.14,0.15452
138.9,127.21,0.37459,156.92,156.6,91.729,88.097,0.66032,175.17,173.18,0.15393
135.87,124.24,0.3746,156.63,156.17,91.758,88.101,0.65983,175.21,173.23,0.15329
132.67,121.22,0.37461,156.27,155.71,91.785,88.099,0.65923,175.27,173.28,0.15261
129.3,118.16,0.3746,155.83,155.22,91.809,88.09,0.65851,175.34,173.33,0.15188
125.77,115.05,0.37459,155.32,154.7,91.83,88.073,0.65766,175.43,173.39,0.15112
122.08,111.89,0.37456,154.74,154.15,91.848,88.049,0.65671,175.53,173.45,0.15033
118.24,108.69,0.37453,154.11,153.59,91.863,88.016,0.65567,175.63,173.51,0.14952
114.25,105.43,0.37449,153.42,153.03,91.874,87.976,0.65454,175.75,173.57,0.1487
110.14,102.11,0.37445,152.7,152.47,91.881,87.928,0.65337,175.88,173.64,0.14789
105.9,98.738,0.37441,151.96,151.93,91.884,87.872,0.65217,176.01,173.71,0.14708
101.57,95.308,0.37438,151.22,151.43,91.883,87.81,0.65099,176.15,173.79,0.14631
97.147,91.819,0.37436,150.51,150.98,91.879,87.744,0.64986,176.29,173.88,0.14556
92.657,88.271,0.37435,149.85,150.6,91.87,87.674,0.64882,176.44,173.97,0.14487
88.115,84.665,0.37437,149.25,150.32,91.858,87.602,0.6479,176.58,174.07,0.14424
83.541,81.004,0.37441,148.75,150.15,91.843,87.53,0.64714,176.73,174.17,0.14369
78.953,77.294,0.37448,148.37,150.1,91.824,87.46,0.64657,176.87,174.29,0.14322
74.373,73.543,0.37459,148.12,150.18,91.803,87.393,0.6462,177,174.41,0.14285
69.819,69.764,0.37473,148.02,150.42,91.778,87.332,0.64604,177.13,174.53,0.14259
65.314,65.969,0.3749,148.07,150.8,91.749,87.278,0.64609,177.26,174.66,0.14244
60.877,62.177,0.37512,148.29,151.33,91.717,87.231,0.64633,177.37,174.8,0.14242
56.531,58.405,0.37536,148.66,152,91.681,87.191,0.64675,177.47,174.93,0.14251
52.294,54.673,0.37564,149.18,152.8,91.641,87.159,0.64729,177.57,175.08,0.14272
48.186,50.998,0.37594,149.84,153.71,91.597,87.135,0.64794,177.66,175.22,0.14304
44.224,47.399,0.37626,150.61,154.71,91.547,87.117,0.64864,177.73,175.36,0.14346
40.423,43.892,0.37659,151.49,155.77,91.492,87.104,0.64935,177.8,175.5,0.14398
36.794,40.49,0.37692,152.44,156.87,91.431,87.095,0.65003,177.86,175.63,0.14458
33.348,37.208,0.37724,153.46,158,91.364,87.088,0.65064,177.92,175.76,0.14525
30.089,34.055,0.37755,154.53,159.12,91.291,87.082,0.65117,177.96,175.87,0.14598
27.019,31.04,0.37785,155.61,160.23,91.212,87.076,0.65158,178,175.98,0.14674
24.136,28.168,0.37812,156.71,161.31,91.13,87.069,0.65188,178.04,176.07,0.14752
21.435,25.442,0.37837,157.79,162.34,91.044,87.061,0.65206,178.07,176.14,0.14831
18.91,22.863,0.3786,158.84,163.32,90.957,87.05,0.65212,178.1,176.2,0.14909
16.551,20.428,0.3788,159.86,164.23,90.871,87.039,0.65208,178.12,176.23,0.14985
14.346,18.135,0.37897,160.83,165.06,90.788,87.028,0.65196,178.14,176.25,0.15058
12.286,15.979,0.37913,161.73,165.82,90.712,87.017,0.65177,178.15,176.26,0.15127
10.359,13.956,0.37927,162.57,166.5,90.644,87.007,0.65154,178.16,176.24,0.15191
8.5555,12.062,0.37939,163.33,167.08,90.587,87.001,0.65128,178.17,176.21,0.15249
6.8671,10.296,0.37951,164.01,167.58,90.542,86.997,0.65102,178.18,176.17,0.15303
5.2885,8.6575,0.37961,164.6,167.98,90.511,86.998,0.65078,178.18,176.12,0.1535
3.8171,7.1484,0.3797,165.11,168.28,90.493,87.002,0.65057,178.18,176.06,0.15391
2.4539,5.7746,0.37979,165.52,168.49,90.489,87.009,0.65041,178.18,175.99,0.15427
1.2036,4.5448,0.37987,165.83,168.6,90.497,87.02,0.6503,178.18,175.92,0.15457
0.075014,3.4711,0.37993,166.05,168.62,90.517,87.032,0.65027,178.18,175.84,0.15481
-0.9191,2.5692,0.37998,166.16,168.53,90.545,87.045,0.6503,178.18,175.77,0.155
-1.7621,1.8576,0.38001,166.16,168.34,90.581,87.057,0.6504,178.18,175.7,0.15514
-2.4336,1.3577,0.38003,166.05,168.06,90.622,87.066,0.65058,178.19,175.63,0.15523
-2.9104,1.0932,0.38002,165.83,167.67,90.666,87.072,0.65082,178.19,175.57,0.15527
-3.1665,1.0889,0.37999,165.49,167.19,90.711,87.074,0.65112,178.21,175.52,0.15526
-3.1739,1.3706,0.37993,165.03,166.61,90.755,87.069,0.65147,178.23,175.48,0.1552
-2.9041,1.9636,0.37984,164.47,165.93,90.798,87.059,0.65185,178.26,175.46,0.15509
-2.3282,2.8919,0.37971,163.79,165.16,90.838,87.042,0.65226,178.29,175.44,0.15492
-1.4185,4.1768,0.37956,163.01,164.31,90.876,87.019,0.65269,178.34,175.44,0.1547
-0.14957,5.8361,0.37937,162.14,163.37,90.911,86.991,0.6531,178.39,175.44,0.15442
1.5006,7.8828,0.37916,161.19,162.37,90.943,86.96,0.65349,178.45,175.47,0.15408
3.5497,10.324,0.37892,160.19,161.32,90.975,86.927,0.65385,178.52,175.5,0.15368
6.0098,13.161,0.37867,159.14,160.23,91.007,86.894,0.65416,178.6,175.54,0.15322
8.8871,16.387,0.37839,158.08,159.11,91.041,86.865,0.6544,178.68,175.59,0.1527
12.181,19.988,0.37811,157.02,157.99,91.078,86.841,0.65457,178.76,175.65,0.15212
15.884,23.943,0.37783,156,156.88,91.12,86.825,0.65467,178.85,175.72,0.15149
19.981,28.224,0.37754,155.03,155.8,91.169,86.821,0.65469,178.93,175.78,0.15082
24.452,32.797,0.37727,154.14,154.78,91.225,86.829,0.65465,179.02,175.84,0.15012
29.269,37.621,0.37702,153.35,153.84,91.29,86.851,0.65456,179.09,175.9,0.1494
34.398,42.653,0.37678,152.68,152.99,91.364,86.889,0.65444,179.15,175.96,0.14869
39.801,47.847,0.37656,152.14,152.27,91.447,86.943,0.65431,179.21,176,0.148
45.436,53.157,0.37637,151.75,151.68,91.538,87.013,0.65421,179.25,176.04,0.14734
51.255,58.534,0.37621,151.52,151.25,91.635,87.099,0.65414,179.28,176.06,0.14675
57.212,63.936,0.37608,151.44,151,91.738,87.197,0.65415,179.29,176.07,0.14623
63.257,69.319,0.37597,151.5,150.91,91.845,87.308,0.65424,179.3,176.07,0.14581
69.34,74.645,0.37589,151.7,151,91.952,87.427,0.65442,179.28,176.05,0.1455
75.415,79.883,0.37584,152.01,151.24,92.058,87.554,0.65471,179.26,176.02,0.14531
81.438,85.003,0.37581,152.42,151.63,92.16,87.684,0.65508,179.22,175.98,0.14524
87.368,89.984,0.37579,152.89,152.14,92.255,87.815,0.65553,179.17,175.93,0.1453
93.168,94.81,0.37578,153.4,152.74,92.343,87.944,0.65605,179.11,175.87,0.14549
98.808,99.468,0.37578,153.94,153.4,92.42,88.069,0.65661,179.05,175.79,0.14578
104.26,103.95,0.37578,154.46,154.08,92.487,88.187,0.65719,178.98,175.72,0.14619
109.5,108.27,0.37579,154.95,154.78,92.54,88.297,0.65777,178.91,175.63,0.14668
114.52,112.41,0.37578,155.4,155.46,92.581,88.397,0.65833,178.83,175.54,0.14726
119.31,116.38,0.37577,155.79,156.1,92.608,88.485,0.65885,178.75,175.45,0.1479
123.86,120.2,0.37576,156.11,156.69,92.621,88.562,0.65932,178.68,175.36,0.14859
128.16,123.86,0.37573,156.36,157.21,92.621,88.625,0.65972,178.6,175.27,0.14931
132.22,127.4,0.37569,156.53,157.68,92.609,88.676,0.66006,178.52,175.19,0.15005
136.04,130.8,0.37564,156.62,158.07,92.584,88.713,0.66032,178.45,175.1,0.1508
139.63,134.09,0.37557,156.65,158.4,92.55,88.739,0.66049,178.38,175.02,0.15155
143,137.26,0.37549,156.62,158.68,92.506,88.754,0.66058,178.32,174.95,0.15228
146.16,140.34,0.3754,156.54,158.9,92.454,88.758,0.66058,178.25,174.89,0.15299
149.11,143.31,0.3753,156.42,159.09,92.397,88.754,0.6605,178.19,174.83,0.15366
151.89,146.19,0.37518,156.27,159.24,92.336,88.743,0.66035,178.13,174.78,0.1543
154.48,148.97,0.37506,156.1,159.37,92.272,88.726,0.66012,178.07,174.73,0.1549
156.91,151.65,0.37493,155.92,159.48,92.208,88.704,0.65983,178.02,174.7,0.15545
159.18,154.21,0.37479,155.75,159.58,92.144,88.681,0.65948,177.96,174.67,0.15596
161.31,156.66,0.37465,155.58,159.66,92.082,88.655,0.6591,177.91,174.65,0.15642
163.29,158.98,0.37451,155.43,159.74,92.024,88.63,0.65868,177.85,174.63,0.15684
165.14,161.16,0.37437,155.29,159.81,91.97,88.606,0.65825,177.79,174.63,0.15721
166.85,163.18,0.37425,155.17,159.87,91.921,88.585,0.65781,177.73,174.62,0.15754
168.44,165.05,0.37413,155.06,159.92,91.879,88.566,0.65738,177.66,174.63,0.15784
169.89,166.75,0.37404,154.98,159.97,91.842,88.552,0.65696,177.59,174.63,0.1581
171.21,168.26,0.37396,154.92,160,91.812,88.541,0.65657,177.52,174.64,0.15834
172.41,169.58,0.37391,154.88,160.03,91.789,88.536,0.65622,177.45,174.65,0.15854
173.47,170.7,0.37388,154.85,160.05,91.774,88.535,0.65592,177.38,174.67,0.15873
174.4,171.61,0.37388,154.84,160.06,91.765,88.54,0.65567,177.3,174.68,0.15889
175.2,172.31,0.37391,154.85,160.06,91.764,88.551,0.65549,177.22,174.69,0.15905
175.86,172.8,0.37397,154.87,160.05,91.77,88.567,0.65536,177.14,174.7,0.15918
176.37,173.06,0.37405,154.9,160.04,91.782,88.588,0.6553,177.06,174.71,0.15931
176.74,173.09,0.37415,154.94,160.02,91.801,88.615,0.65531,176.99,174.71,0.15942
176.95,172.9,0.37428,154.99,159.98,91.825,88.646,0.65537,176.91,174.71,0.15952
177,172.49,0.37442,155.05,159.94,91.854,88.681,0.65548,176.84,174.7,0.15961
176.88,171.85,0.37456,155.12,159.89,91.888,88.719,0.65563,176.78,174.69,0.15968
176.59,171,0.37471,155.2,159.83,91.925,88.76,0.65583,176.72,174.67,0.15973
176.11,169.92,0.37487,155.28,159.75,91.964,88.803,0.65605,176.66,174.64,0.15976
175.44,168.64,0.37501,155.37,159.66,92.005,88.846,0.65629,176.61,174.61,0.15976
174.57,167.14,0.37515,155.46,159.55,92.046,88.887,0.65654,176.57,174.57,0.15972
173.48,165.45,0.37527,155.55,159.42,92.085,88.927,0.65679,176.54,174.53,0.15964
172.18,163.56,0.37538,155.64,159.28,92.122,88.962,0.65704,176.52,174.48,0.15952
170.65,161.48,0.37546,155.73,159.12,92.156,88.992,0.65728,176.5,174.43,0.15934
168.88,159.22,0.37552,155.8,158.93,92.184,89.014,0.6575,176.5,174.38,0.15909
166.87,156.78,0.37556,155.86,158.73,92.206,89.028,0.6577,176.5,174.32,0.15879
164.6,154.18,0.37558,155.9,158.5,92.221,89.031,0.65786,176.52,174.27,0.15841
162.07,151.4,0.37557,155.91,158.25,92.227,89.023,0.65799,176.55,174.22,0.15796
159.28,148.47,0.37555,155.87,157.98,92.225,89.001,0.65806,176.6,174.16,0.15744
156.21,145.39,0.3755,155.79,157.69,92.212,88.966,0.65807,176.65,174.12,0.15684
152.88,142.15,0.37544,155.64,157.38,92.189,88.915,0.65801,176.72,174.07,0.15617
149.27,138.77,0.37537,155.43,157.06,92.156,88.85,0.65787,176.8,174.04,0.15543
145.38,135.24,0.37529,155.14,156.71,92.113,88.77,0.65764,176.89,174.01,0.15463
141.24,131.58,0.3752,154.78,156.35,92.06,88.674,0.65731,177,173.99,0.15377
136.83,127.78,0.37512,154.35,155.98,91.999,88.564,0.65688,177.11,173.97,0.15287
132.19,123.85,0.37505,153.84,155.61,91.928,88.441,0.65636,177.24,173.97,0.15195
127.31,119.79,0.37498,153.28,155.23,91.851,88.306,0.65574,177.37,173.98,0.151
122.22,115.62,0.37493,152.67,154.87,91.767,88.161,0.65504,177.52,174.01,0.15004
116.94,111.34,0.3749,152.02,154.52,91.679,88.008,0.65428,177.67,174.04,0.1491
111.51,106.95,0.37488,151.36,154.21,91.588,87.849,0.65348,177.82,174.08,0.14818
105.95,102.47,0.37488,150.72,153.94,91.496,87.686,0.65265,177.98,174.14,0.1473
100.28,97.908,0.3749,150.11,153.73,91.405,87.524,0.65184,178.14,174.21,0.14648
94.562,93.279,0.37495,149.57,153.59,91.317,87.366,0.65106,178.31,174.29,0.14573
88.813,88.596,0.37501,149.13,153.55,91.233,87.214,0.65035,178.47,174.39,0.14506
83.075,83.874,0.37509,148.8,153.61,91.157,87.073,0.64972,178.63,174.49,0.1445
77.383,79.128,0.37519,148.63,153.8,91.09,86.946,0.64919,178.78,174.6,0.14404
71.77,74.376,0.3753,148.62,154.11,91.034,86.837,0.64879,178.93,174.73,0.1437
66.269,69.635,0.37543,148.79,154.55,90.991,86.747,0.64851,179.06,174.86,0.14349
60.908,64.925,0.37557,149.15,155.12,90.964,86.68,0.64834,179.19,174.99,0.14341
55.711,60.265,0.37572,149.7,155.83,90.952,86.637,0.64827,179.31,175.14,0.14345
50.699,55.675,0.37587,150.42,156.64,90.957,86.619,0.64829,179.41,175.28,0.14361
45.889,51.177,0.37604,151.29,157.55,90.979,86.625,0.64836,179.51,175.43,0.14389
41.295,46.792,0.37621,152.28,158.54,91.018,86.655,0.64845,179.59,175.57,0.14427
36.927,42.541,0.3764,153.38,159.59,91.074,86.706,0.64854,179.65,175.71,0.14474
32.793,38.447,0.37659,154.55,160.67,91.144,86.776,0.64861,179.7,175.84,0.14529
28.9,34.528,0.37679,155.77,161.77,91.229,86.862,0.64864,179.74,175.97,0.14588
25.249,30.802,0.377,157.01,162.87,91.324,86.961,0.64862,179.77,176.08,0.14651
21.841,27.283,0.37723,158.25,163.94,91.429,87.069,0.64854,179.78,176.18,0.14716
18.673,23.981,0.37747,159.47,164.98,91.541,87.184,0.64842,179.78,176.27,0.14782
15.737,20.904,0.37773,160.64,165.96,91.659,87.302,0.64826,179.77,176.34,0.14845
13.027,18.055,0.37801,161.75,166.87,91.779,87.421,0.64807,179.74,176.4,0.14906
10.532,15.432,0.37832,162.79,167.72,91.9,87.538,0.64788,179.71,176.43,0.14963
8.2381,13.031,0.37864,163.74,168.47,92.02,87.651,0.6477,179.67,176.46,0.15016
6.1337,10.847,0.37899,164.61,169.14,92.138,87.759,0.64756,179.62,176.46,0.15064
4.2055,8.8702,0.37935,165.38,169.71,92.252,87.86,0.64747,179.56,176.46,0.15107
2.4414,7.0921,0.37973,166.04,170.19,92.361,87.953,0.64744,179.49,176.44,0.15144
0.83091,5.503,0.38012,166.61,170.56,92.464,88.038,0.6475,179.42,176.41,0.15177
-0.6339,4.0945,0.38051,167.07,170.83,92.56,88.114,0.64763,179.34,176.37,0.15205
-1.958,2.8598,0.3809,167.42,171,92.649,88.181,0.64786,179.25,176.32,0.15229
-3.1428,1.7946,0.38128,167.67,171.07,92.728,88.238,0.64816,179.16,176.27,0.15249
-4.1857,0.8979,0.38163,167.82,171.04,92.799,88.284,0.64855,179.06,176.21,0.15266
-5.0802,0.17215,0.38196,167.87,170.9,92.859,88.321,0.649,178.96,176.15,0.1528
-5.8154,-0.37618,0.38224,167.81,170.67,92.908,88.346,0.64951,178.86,176.08,0.15292
-6.3771,-0.73671,0.38248,167.67,170.33,92.946,88.361,0.65005,178.76,176.01,0.15302
-6.7476,-0.89535,0.38265,167.42,169.91,92.971,88.364,0.65061,178.65,175.94,0.1531
-6.9062,-0.83477,0.38276,167.09,169.4,92.984,88.355,0.65117,178.55,175.87,0.15317
-6.8308,-0.53507,0.38281,166.67,168.82,92.983,88.335,0.65171,178.45,175.81,0.15322
-6.4979,0.025297,0.38279,166.17,168.16,92.969,88.302,0.65222,178.36,175.75,0.15325
-5.884,0.86843,0.38269,165.6,167.45,92.941,88.258,0.65268,178.27,175.69,0.15325
-4.9667,2.0158,0.38254,164.97,166.69,92.899,88.202,0.65308,178.2,175.64,0.15323
-3.7257,3.4868,0.38231,164.28,165.91,92.844,88.135,0.65339,178.13,175.6,0.15318
-2.1438,5.2976,0.38203,163.55,165.1,92.777,88.057,0.65362,178.08,175.57,0.15309
-0.20767,7.4598,0.3817,162.78,164.3,92.697,87.97,0.65374,178.04,175.55,0.15296
2.0908,9.9792,0.38133,161.99,163.51,92.607,87.876,0.65376,178.02,175.53,0.15279
4.7544,12.855,0.38092,161.19,162.76,92.509,87.775,0.65367,178.02,175.54,0.15256
7.7799,16.08,0.38048,160.39,162.04,92.403,87.669,0.65346,178.03,175.55,0.15228
11.158,19.638,0.38002,159.61,161.37,92.293,87.562,0.65313,178.07,175.57,0.15195
14.874,23.508,0.37955,158.85,160.76,92.18,87.455,0.6527,178.12,175.6,0.15157
18.908,27.661,0.37907,158.12,160.21,92.068,87.352,0.65216,178.19,175.64,0.15114
23.232,32.062,0.37859,157.43,159.72,91.959,87.255,0.65154,178.27,175.69,0.15067
27.818,36.673,0.37813,156.78,159.29,91.856,87.166,0.65086,178.36,175.74,0.15017
32.632,41.452,0.37768,156.2,158.93,91.762,87.089,0.65014,178.47,175.79,0.14964
37.639,46.356,0.37725,155.67,158.62,91.679,87.025,0.64942,178.58,175.85,0.14911
42.8,51.343,0.37685,155.21,158.37,91.609,86.978,0.64873,178.69,175.9,0.14858
48.081,56.373,0.37649,154.82,158.17,91.554,86.948,0.64811,178.81,175.96,0.14808
53.443,61.408,0.37616,154.51,158.03,91.516,86.937,0.6476,178.92,176.01,0.14761
58.854,66.415,0.37587,154.28,157.93,91.494,86.945,0.64721,179.02,176.05,0.14719
64.279,71.368,0.37562,154.13,157.9,91.491,86.973,0.64699,179.12,176.09,0.14685
69.689,76.242,0.37541,154.07,157.91,91.503,87.019,0.64695,179.2,176.12,0.14659
75.054,81.019,0.37523,154.07,157.98,91.532,87.083,0.64708,179.27,176.14,0.14642
80.351,85.687,0.37508,154.14,158.09,91.575,87.164,0.6474,179.32,176.15,0.14635
85.556,90.236,0.37497,154.27,158.25,91.63,87.258,0.64789,179.36,176.15,0.14638
90.654,94.66,0.37488,154.44,158.45,91.695,87.364,0.64854,179.38,176.14,0.14652
95.627,98.956,0.37481,154.64,158.68,91.767,87.478,0.64933,179.38,176.12,0.14676
100.47,103.12,0.37475,154.87,158.93,91.844,87.598,0.65022,179.37,176.08,0.14709
105.16,107.17,0.37471,155.11,159.19,91.922,87.722,0.65121,179.33,176.04,0.14752
109.7,111.08,0.37468,155.36,159.47,91.998,87.845,0.65225,179.29,175.98,0.14803
114.09,114.87,0.37466,155.61,159.74,92.071,87.965,0.65332,179.22,175.91,0.1486
118.31,118.55,0.37465,155.85,160,92.138,88.08,0.65439,179.14,175.83,0.14924
122.38,122.1,0.37465,156.08,160.26,92.197,88.187,0.65545,179.05,175.75,0.14993
126.29,125.54,0.37465,156.29,160.49,92.246,88.284,0.65647,178.95,175.66,0.15065
130.03,128.88,0.37466,156.49,160.71,92.284,88.37,0.65742,178.84,175.57,0.1514
133.62,132.1,0.37467,156.67,160.9,92.311,88.445,0.65829,178.72,175.47,0.15216
137.05,135.22,0.37469,156.82,161.08,92.325,88.507,0.65907,178.59,175.38,0.15292
140.32,138.23,0.37472,156.95,161.23,92.328,88.557,0.65973,178.46,175.28,0.15367
143.45,141.14,0.37475,157.04,161.36,92.319,88.594,0.66026,178.33,175.19,0.1544
146.43,143.95,0.37478,157.11,161.47,92.301,88.621,0.66065,178.19,175.11,0.15511
149.27,146.65,0.37481,157.14,161.56,92.273,88.637,0.66089,178.05,175.03,0.15579
151.98,149.25,0.37483,157.13,161.63,92.238,88.645,0.66097,177.91,174.95,0.15643
154.55,151.75,0.37486,157.1,161.68,92.198,88.646,0.6609,177.78,174.88,0.15702
156.99,154.15,0.37488,157.04,161.71,92.154,88.641,0.66067,177.65,174.83,0.15757
159.3,156.45,0.37489,156.96,161.72,92.108,88.632,0.6603,177.53,174.77,0.15807
161.48,158.65,0.3749,156.85,161.72,92.061,88.62,0.65979,177.41,174.73,0.15851
163.53,160.75,0.3749,156.73,161.69,92.016,88.607,0.65916,177.29,174.69,0.15891
165.45,162.76,0.37489,156.59,161.65,91.973,88.595,0.65841,177.18,174.66,0.15926
167.24,164.67,0.37488,156.45,161.58,91.934,88.583,0.65758,177.08,174.64,0.15956
168.89,166.49,0.37486,156.3,161.5,91.901,88.574,0.65668,176.99,174.62,0.15982
170.41,168.23,0.37484,156.15,161.39,91.873,88.567,0.65572,176.9,174.6,0.16003
171.79,169.87,0.37482,156,161.27,91.851,88.563,0.65475,176.82,174.58,0.16022
173.03,171.42,0.37479,155.85,161.13,91.835,88.563,0.65377,176.74,174.57,0.16037
174.13,172.87,0.37476,155.71,160.98,91.826,88.566,0.65281,176.67,174.55,0.16049
175.11,174.23,0.37474,155.57,160.82,91.823,88.573,0.65189,176.61,174.53,0.16059
175.96,175.49,0.37471,155.45,160.65,91.825,88.583,0.65104,176.54,174.51,0.16068
176.69,176.63,0.37469,155.33,160.47,91.833,88.595,0.65028,176.49,174.48,0.16075
177.31,177.64,0.37467,155.23,160.3,91.845,88.61,0.64962,176.43,174.45,0.16082
177.83,178.52,0.37466,155.14,160.13,91.861,88.627,0.64908,176.37,174.42,0.16088
178.24,179.24,0.37464,155.06,159.97,91.879,88.645,0.64867,176.32,174.38,0.16093
178.57,179.8,0.37464,154.99,159.83,91.899,88.663,0.64841,176.27,174.34,0.16099
178.81,180.17,0.37464,154.94,159.7,91.92,88.682,0.6483,176.22,174.29,0.16104
178.96,180.34,0.37465,154.9,159.59,91.941,88.7,0.64836,176.18,174.24,0.1611
179.02,180.29,0.37466,154.87,159.51,91.961,88.716,0.64857,176.13,174.19,0.16116
178.98,180,0.37469,154.86,159.45,91.98,88.732,0.64894,176.09,174.13,0.16121
178.84,179.45,0.37472,154.86,159.41,91.997,88.745,0.64946,176.04,174.08,0.16126
178.57,178.64,0.37475,154.87,159.4,92.011,88.755,0.65012,176.01,174.02,0.1613
178.16,177.55,0.3748,154.89,159.4,92.021,88.762,0.6509,175.97,173.96,0.16132
177.57,176.17,0.37486,154.92,159.42,92.029,88.766,0.6518,175.94,173.9,0.16132
176.8,174.49,0.37492,154.97,159.44,92.032,88.767,0.65277,175.92,173.84,0.16129
175.8,172.52,0.375,155.02,159.48,92.032,88.763,0.65381,175.9,173.79,0.16123
174.56,170.26,0.37508,155.08,159.5,92.028,88.755,0.65489,175.89,173.74,0.16112
173.04,167.71,0.37517,155.14,159.52,92.021,88.742,0.65596,175.88,173.69,0.16096
171.24,164.89,0.37528,155.2,159.52,92.009,88.724,0.65701,175.89,173.65,0.16073
169.13,161.81,0.37539,155.25,159.48,91.994,88.701,0.65801,175.91,173.61,0.16043
166.71,158.49,0.3755,155.28,159.41,91.974,88.672,0.65892,175.94,173.58,0.16006
163.96,154.94,0.37562,155.29,159.29,91.951,88.636,0.65971,175.97,173.56,0.1596
160.89,151.19,0.37575,155.27,159.12,91.924,88.594,0.66036,176.02,173.55,0.15905
157.5,147.27,0.37587,155.21,158.89,91.893,88.545,0.66085,176.09,173.55,0.15841
153.81,143.19,0.376,155.11,158.6,91.858,88.487,0.66117,176.16,173.56,0.15768
149.83,138.98,0.37611,154.96,158.24,91.818,88.421,0.6613,176.25,173.57,0.15686
145.57,134.67,0.37623,154.75,157.82,91.774,88.346,0.66124,176.35,173.6,0.15596
141.05,130.27,0.37633,154.5,157.33,91.725,88.262,0.661,176.46,173.63,0.15499
136.31,125.82,0.37643,154.19,156.8,91.671,88.168,0.66057,176.58,173.68,0.15395
131.36,121.32,0.37652,153.84,156.22,91.613,88.065,0.65998,176.72,173.73,0.15286
126.24,116.8,0.3766,153.45,155.6,91.55,87.953,0.65924,176.86,173.79,0.15173
120.97,112.27,0.37667,153.04,154.97,91.484,87.833,0.65838,177.01,173.86,0.15059
115.59,107.75,0.37674,152.62,154.34,91.416,87.706,0.65743,177.17,173.94,0.14945
110.12,103.25,0.3768,152.21,153.72,91.345,87.575,0.65642,177.33,174.02,0.14833
104.6,98.785,0.37687,151.83,153.15,91.274,87.441,0.65538,177.5,174.11,0.14725
99.055,94.353,0.37695,151.5,152.65,91.204,87.306,0.65436,177.67,174.21,0.14624
93.51,89.961,0.37704,151.24,152.24,91.138,87.174,0.65338,177.84,174.31,0.14531
87.991,85.611,0.37714,151.07,151.94,91.076,87.049,0.65248,178,174.42,0.14449
82.526,81.306,0.37727,151,151.77,91.022,86.932,0.65169,178.16,174.54,0.14379
77.135,77.046,0.37743,151.05,151.76,90.976,86.827,0.65102,178.3,174.66,0.14322
71.839,72.831,0.37761,151.24,151.92,90.941,86.738,0.6505,178.44,174.78,0.14281
66.659,68.663,0.37784,151.56,152.25,90.92,86.666,0.65012,178.56,174.91,0.14256
61.612,64.544,0.3781,152.02,152.75,90.912,86.614,0.64989,178.66,175.03,0.14248
56.713,60.476,0.3784,152.61,153.42,90.919,86.583,0.64978,178.75,175.16,0.14256
51.977,56.463,0.37873,153.33,154.24,90.942,86.572,0.64979,178.82,175.29,0.14279
47.417,52.51,0.37909,154.15,155.18,90.98,86.582,0.64987,178.87,175.42,0.14318
43.043,48.625,0.37948,155.07,156.22,91.033,86.61,0.65001,178.92,175.54,0.14369
38.863,44.816,0.37989,156.06,157.34,91.099,86.655,0.65016,178.94,175.66,0.14433
34.885,41.096,0.38031,157.1,158.5,91.176,86.713,0.65032,178.96,175.78,0.14505
31.116,37.478,0.38072,158.18,159.68,91.261,86.782,0.65045,178.97,175.88,0.14585
27.561,33.975,0.38112,159.27,160.86,91.353,86.859,0.65055,178.97,175.98,0.1467
24.224,30.603,0.38151,160.37,162.02,91.447,86.939,0.6506,178.96,176.06,0.14757
21.107,27.377,0.38186,161.45,163.12,91.542,87.02,0.65061,178.95,176.14,0.14845
18.212,24.31,0.38217,162.49,164.17,91.635,87.1,0.65058,178.94,176.2,0.14931
15.539,21.415,0.38245,163.5,165.13,91.725,87.176,0.65052,178.93,176.24,0.15014
13.085,18.702,0.38267,164.44,166.01,91.808,87.246,0.65044,178.92,176.28,0.15092
10.847,16.179,0.38286,165.33,166.79,91.885,87.309,0.65036,178.92,176.3,0.15164
8.8195,13.851,0.38299,166.13,167.47,91.953,87.365,0.65028,178.91,176.31,0.15229
6.9954,11.722,0.38309,166.86,168.04,92.014,87.412,0.65021,178.91,176.31,0.15287
5.3661,9.7912,0.38315,167.51,168.51,92.067,87.453,0.65017,178.91,176.3,0.15337
3.9212,8.0571,0.38318,168.07,168.88,92.113,87.486,0.65015,178.91,176.27,0.15379
2.6492,6.515,0.38319,168.55,169.15,92.151,87.513,0.65017,178.91,176.25,0.15414
1.5377,5.1584,0.38319,168.95,169.34,92.184,87.534,0.65022,178.91,176.21,0.15442
0.57309,3.9789,0.38317,169.27,169.44,92.211,87.55,0.6503,178.9,176.17,0.15464
-0.25842,2.9666,0.38316,169.51,169.47,92.233,87.563,0.6504,178.9,176.13,0.1548
-0.97097,2.1103,0.38314,169.69,169.44,92.252,87.571,0.65053,178.89,176.08,0.15491
-1.5786,1.3978,0.38312,169.8,169.36,92.267,87.577,0.65067,178.88,176.03,0.15498
-2.0949,0.81611,0.3831,169.85,169.23,92.28,87.58,0.65083,178.87,175.98,0.15501
-2.5332,0.35187,0.38309,169.84,169.08,92.291,87.581,0.65099,178.86,175.93,0.15502
-2.9057,-0.0084908,0.38306,169.79,168.9,92.299,87.579,0.65115,178.84,175.89,0.15501
-3.224,-0.27851,0.38304,169.69,168.71,92.306,87.576,0.65131,178.83,175.85,0.15498
-3.4984,-0.47142,0.383,169.56,168.52,92.312,87.571,0.65146,178.81,175.81,0.15494
-3.7382,-0.59998,0.38295,169.4,168.32,92.317,87.564,0.6516,178.8,175.77,0.1549
-3.9512,-0.67619,0.3829,169.2,168.13,92.321,87.556,0.65173,178.79,175.74,0.15486
-4.144,-0.71122,0.38283,168.98,167.95,92.323,87.546,0.65185,178.77,175.72,0.15483
-4.3219,-0.7152,0.38275,168.74,167.78,92.325,87.536,0.65196,178.76,175.71,0.15479
-4.4889,-0.69717,0.38266,168.48,167.62,92.326,87.525,0.65206,178.76,175.7,0.15477
-4.6475,-0.66498,0.38257,168.21,167.47,92.326,87.513,0.65215,178.75,175.7,0.15475
-4.7996,-0.62534,0.38247,167.93,167.34,92.326,87.501,0.65223,178.74,175.7,0.15475
-4.9458,-0.58374,0.38238,167.65,167.22,92.325,87.488,0.6523,178.74,175.72,0.15475
-5.086,-0.54455,0.3823,167.36,167.12,92.324,87.476,0.65237,178.73,175.74,0.15476
-5.2196,-0.5111,0.38222,167.08,167.02,92.322,87.464,0.65243,178.72,175.76,0.15477
-5.3455,-0.48572,0.38216,166.8,166.94,92.321,87.452,0.65249,178.71,175.8,0.15479
-5.4623,-0.46987,0.38211,166.54,166.87,92.318,87.441,0.65255,178.7,175.84,0.15482
-5.5686,-0.46427,0.38208,166.29,166.8,92.316,87.431,0.65261,178.68,175.88,0.15485
-5.6628,-0.46894,0.38207,166.07,166.74,92.313,87.422,0.65266,178.66,175.92,0.15487
-5.7435,-0.4834,0.38208,165.87,166.68,92.311,87.413,0.65272,178.64,175.98,0.1549
-5.8096,-0.5067,0.38211,165.7,166.62,92.308,87.405,0.65278,178.61,176.03,0.15493
-5.8602,-0.53759,0.38216,165.56,166.57,92.306,87.398,0.65283,178.57,176.08,0.15495
-5.8945,-0.57461,0.38223,165.46,166.52,92.303,87.392,0.6529,178.54,176.14,0.15497
-5.9122,-0.61618,0.38231,165.4,166.47,92.301,87.387,0.65296,178.49,176.2,0.15499
-5.9135,-0.66069,0.3824,165.38,166.42,92.299,87.382,0.65303,178.45,176.25,0.155
-5.8987,-0.70659,0.38251,165.4,166.38,92.296,87.378,0.6531,178.4,176.31,0.155
-5.8687,-0.75242,0.38262,165.47,166.33,92.295,87.375,0.65318,178.35,176.36,0.155
-5.8246,-0.79687,0.38273,165.58,166.29,92.293,87.372,0.65326,178.29,176.41,0.155
-5.7681,-0.83881,0.38285,165.73,166.24,92.291,87.369,0.65335,178.24,176.45,0.15499
-5.7009,-0.87729,0.38297,165.92,166.2,92.29,87.367,0.65345,178.18,176.49,0.15497
-5.6255,-0.91157,0.38307,166.15,166.16,92.288,87.365,0.65355,178.13,176.52,0.15496
-5.5444,-0.94111,0.38317,166.4,166.12,92.287,87.364,0.65366,178.08,176.56,0.15494
-5.4607,-0.96558,0.38326,166.66,166.09,92.285,87.362,0.65376,178.03,176.58,0.15492
-5.3775,-0.98484,0.38332,166.93,166.05,92.283,87.36,0.65387,177.99,176.6,0.1549
-5.2986,-0.99895,0.38337,167.19,166.02,92.281,87.357,0.65397,177.95,176.62,0.15488
-5.2278,-1.0082,0.38339,167.43,165.99,92.279,87.355,0.65405,177.91,176.63,0.15486
-5.1693,-1.0128,0.38339,167.62,165.97,92.275,87.351,0.6541,177.89,176.65,0.15485
-5.1273,-1.0135,0.38336,167.75,165.94,92.271,87.346,0.65412,177.87,176.65,0.15483
-5.1065,-1.0107,0.38329,167.79,165.91,92.265,87.34,0.65408,177.87,176.66,0.15482
-5.1113,-1.0051,0.3832,167.73,165.88,92.257,87.332,0.65397,177.87,176.66,0.1548
-5.1463,-0.99737,0.38308,167.54,165.85,92.248,87.323,0.65378,177.88,176.66,0.15479
-5.2159,-0.98819,0.38293,167.19,165.81,92.236,87.311,0.65348,177.9,176.66,0.15478
-5.324,-0.97818,0.38276,166.67,165.77,92.221,87.297,0.65306,177.93,176.66,0.15477
-5.4742,-0.96793,0.38256,165.95,165.73,92.204,87.28,0.65251,177.96,176.65,0.15475
-5.6691,-0.95794,0.38236,165.02,165.67,92.184,87.261,0.65181,178.01,176.63,0.15474
-5.9104,-0.94861,0.38214,163.88,165.62,92.162,87.239,0.65095,178.06,176.61,0.15473
-6.1986,-0.94024,0.38191,162.5,165.55,92.136,87.215,0.64992,178.11,176.59,0.15471
-6.5325,-0.93299,0.38169,160.91,165.47,92.109,87.189,0.64873,178.17,176.56,0.15469
-6.9094,-0.92689,0.38147,159.11,165.39,92.08,87.162,0.64739,178.24,176.52,0.15467
-7.3246,-0.92188,0.38127,157.12,165.31,92.049,87.133,0.6459,178.3,176.47,0.15464
-7.7713,-0.91777,0.38108,154.97,165.22,92.017,87.104,0.64428,178.36,176.42,0.15461
-8.2409,-0.91433,0.38091,152.71,165.13,91.985,87.075,0.64258,178.42,176.37,0.15458
-8.7229,-0.91129,0.38076,150.38,165.03,91.954,87.047,0.64082,178.48,176.32,0.15455
-9.2051,-0.90838,0.38064,148.04,164.94,91.923,87.019,0.63904,178.54,176.26,0.15452
-9.6741,-0.90536,0.38054,145.75,164.85,91.895,86.994,0.63729,178.59,176.21,0.15449
-10.116,-0.90205,0.38047,143.57,164.77,91.868,86.971,0.63562,178.63,176.16,0.15446
-10.517,-0.89834,0.38041,141.56,164.7,91.845,86.95,0.63408,178.67,176.11,0.15443
-10.864,-0.89416,0.38038,139.78,164.63,91.825,86.933,0.6327,178.71,176.07,0.1544
-11.148,-0.88953,,,,,,,,,
-11.359,-0.88454,,,,,,,,,
-11.495,-0.87931,,,,,,,,,
-11.556,-0.87402,,,,,,,,,
-11.548,-0.86888,,,,,,,,,
-11.481,-0.86408,,,,,,,,,
-11.366,-0.85981,,,,,,,,,
-11.219,-0.85621,,,,,,,,,
-11.053,-0.8534,,,,,,,,,
-10.88,-0.85141,,,,,,,,,
-10.711,-0.85023,,,,,,,,,
-10.555,-0.84978,,,,,,,,,
-10.417,-0.84994,,,,,,,,,
-10.3,-0.85057,,,,,,,,,
-10.206,-0.85149,,,,,,,,,
