99.007,105.93,0.30812,149.39,147.56,94.779,81.458,0.72579,163.72,168.69,0.10936
92.927,97.518,0.30901,150.22,149.46,95.401,81.852,0.72407,164.98,169.88,0.11033
86.763,89.079,0.3099,151.13,151.41,96.015,82.246,0.72233,166.22,171.04,0.11129
80.564,80.697,0.31078,152.15,153.4,96.611,82.635,0.72058,167.41,172.15,0.11224
74.382,72.454,0.31164,153.27,155.4,97.179,83.014,0.71883,168.54,173.19,0.11316
68.266,64.43,0.31245,154.5,157.4,97.711,83.38,0.7171,169.58,174.15,0.11404
62.265,56.701,0.31322,155.81,159.38,98.199,83.726,0.71538,170.53,174.99,0.11489
56.427,49.333,0.31393,157.21,161.33,98.636,84.051,0.71369,171.37,175.73,0.11568
50.795,42.383,0.31459,158.67,163.23,99.02,84.351,0.71205,172.1,176.36,0.11643
45.409,35.895,0.3152,160.16,165.06,99.349,84.624,0.71046,172.71,176.87,0.11713
40.302,29.9,0.31576,161.68,166.81,99.623,84.869,0.70892,173.21,177.27,0.11779
35.505,24.416,0.31628,163.18,168.45,99.846,85.086,0.70746,173.61,177.56,0.1184
31.038,19.45,0.31676,164.64,169.97,100.02,85.276,0.70607,173.9,177.77,0.11897
26.917,14.997,0.3172,166.04,171.35,100.15,85.439,0.70477,174.11,177.88,0.1195
23.149,11.042,0.31761,167.35,172.58,100.25,85.578,0.70356,174.23,177.93,0.12001
19.736,7.5629,0.31799,168.54,173.66,100.31,85.694,0.70245,174.29,177.91,0.12049
16.673,4.5296,0.31834,169.61,174.58,100.35,85.791,0.70143,174.29,177.85,0.12096
13.95,1.908,0.31867,170.54,175.33,100.36,85.871,0.7005,174.25,177.74,0.12142
11.554,-0.33898,0.31897,171.33,175.93,100.37,85.937,0.69966,174.18,177.61,0.12187
9.4665,-2.2496,0.31925,171.97,176.37,100.36,85.991,0.69891,174.09,177.46,0.12232
7.6698,-3.8614,0.31951,172.48,176.67,100.35,86.036,0.69824,173.99,177.31,0.12276
6.1453,-5.2091,0.31973,172.84,176.84,100.34,86.074,0.69765,173.89,177.15,0.12321
4.8761,-6.3231,0.31992,173.08,176.87,100.33,86.107,0.69713,173.8,176.99,0.12365
3.8482,-7.2282,0.32008,173.2,176.78,100.32,86.137,0.69669,173.71,176.85,0.12408
3.0523,-7.9415,0.32021,173.2,176.58,100.31,86.164,0.69631,173.64,176.71,0.12451
2.484,-8.4719,0.3203,173.1,176.28,100.31,86.191,0.69602,173.59,176.59,0.12492
2.1456,-8.8191,0.32035,172.91,175.86,100.32,86.216,0.69581,173.56,176.49,0.12532
2.0454,-8.9733,0.32037,172.62,175.34,100.32,86.241,0.69568,173.55,176.4,0.1257
2.1981,-8.9154,0.32036,172.25,174.72,100.33,86.264,0.69565,173.55,176.33,0.12606
2.6244,-8.6171,0.32031,171.79,173.99,100.34,86.287,0.69573,173.58,176.28,0.12638
3.3496,-8.0424,0.32024,171.25,173.16,100.35,86.307,0.69593,173.62,176.24,0.12667
4.4026,-7.1487,0.32015,170.61,172.22,100.35,86.324,0.69625,173.68,176.21,0.12692
5.8145,-5.8885,0.32004,169.89,171.18,100.35,86.336,0.69671,173.75,176.2,0.12712
7.6162,-4.2116,0.31992,169.07,170.04,100.34,86.342,0.69732,173.82,176.2,0.12727
9.8368,-2.0675,0.3198,168.15,168.8,100.31,86.339,0.69809,173.9,176.2,0.12737
12.502,0.5919,0.31967,167.14,167.47,100.28,86.326,0.699,173.98,176.21,0.12742
15.631,3.81,0.31954,166.03,166.06,100.22,86.302,0.70006,174.06,176.22,0.12741
19.235,7.6223,0.31943,164.83,164.6,100.14,86.264,0.70126,174.13,176.24,0.12734
23.32,12.055,0.31932,163.55,163.08,100.04,86.212,0.70258,174.2,176.26,0.12721
27.877,17.12,0.31922,162.18,161.54,99.921,86.144,0.70401,174.25,176.28,0.12704
32.891,22.817,0.31913,160.73,159.99,99.776,86.062,0.70551,174.29,176.31,0.12681
38.333,29.129,0.31906,159.23,158.44,99.608,85.964,0.70706,174.31,176.33,0.12654
44.167,36.022,0.31899,157.68,156.92,99.42,85.853,0.70861,174.32,176.36,0.12623
50.347,43.447,0.31892,156.09,155.44,99.213,85.73,0.71014,174.32,176.39,0.1259
56.82,51.337,0.31885,154.47,154.02,98.991,85.597,0.71161,174.3,176.41,0.12554
63.526,59.611,0.31877,152.85,152.65,98.757,85.457,0.71299,174.26,176.45,0.12519
70.401,68.177,0.31868,151.22,151.36,98.517,85.313,0.71425,174.22,176.48,0.12484
77.379,76.932,0.31857,149.62,150.12,98.274,85.168,0.71537,174.16,176.52,0.12451
84.393,85.77,0.31845,148.05,148.96,98.034,85.026,0.71633,174.1,176.57,0.12422
91.378,94.584,0.31831,146.53,147.85,97.8,84.888,0.71713,174.04,176.63,0.12398
98.269,103.27,0.31815,145.07,146.79,97.577,84.758,0.71775,173.97,176.69,0.12381
105.01,111.73,0.31796,143.67,145.77,97.367,84.638,0.71821,173.91,176.77,0.12371
111.54,119.88,0.31776,142.35,144.79,97.173,84.529,0.71849,173.84,176.85,0.12368
117.81,127.65,0.31755,141.11,143.84,96.996,84.431,0.71863,173.79,176.95,0.12375
123.78,134.97,0.31732,139.94,142.92,96.836,84.345,0.71862,173.73,177.06,0.12389
129.41,141.79,0.31709,138.87,142.02,96.695,84.271,0.7185,173.69,177.18,0.12412
134.67,148.07,0.31685,137.87,141.16,96.572,84.208,0.71827,173.65,177.31,0.12443
139.54,153.8,0.31661,136.95,140.32,96.465,84.156,0.71796,173.62,177.45,0.1248
143.99,158.95,0.31638,136.12,139.52,96.375,84.113,0.71759,173.6,177.6,0.12523
148.03,163.53,0.31615,135.36,138.75,96.3,84.079,0.71718,173.58,177.76,0.1257
151.63,167.53,0.31594,134.69,138.04,96.239,84.053,0.71676,173.57,177.93,0.1262
154.8,170.98,0.31574,134.1,137.38,96.19,84.034,0.71634,173.56,178.1,0.12672
157.54,173.88,0.31556,133.59,136.79,96.153,84.021,0.71594,173.56,178.26,0.12723
159.85,176.26,0.3154,133.17,136.28,96.125,84.013,0.71559,173.56,178.42,0.12773
161.72,178.13,0.31527,132.85,135.84,96.105,84.009,0.7153,173.56,178.58,0.12819
163.17,179.52,0.31515,132.62,135.5,96.092,84.009,0.71509,173.56,178.73,0.1286
164.2,180.44,0.31506,132.49,135.25,96.084,84.01,0.71497,173.55,178.86,0.12896
164.79,180.9,0.315,132.48,135.1,96.081,84.012,0.71495,173.55,178.98,0.12925
164.96,180.9,0.31495,132.57,135.06,96.081,84.015,0.71504,173.54,179.09,0.12947
164.68,180.45,0.31492,132.79,135.12,96.083,84.017,0.71523,173.52,179.17,0.12959
163.97,179.54,0.3149,133.12,135.3,96.087,84.017,0.71554,173.49,179.24,0.12963
162.8,178.16,0.3149,133.58,135.59,96.091,84.015,0.71594,173.46,179.29,0.12957
161.16,176.3,0.31492,134.17,135.99,96.096,84.01,0.71644,173.43,179.33,0.12941
159.06,173.93,0.31494,134.9,136.51,96.102,84.002,0.71701,173.38,179.34,0.12916
156.48,171.04,0.31497,135.75,137.13,96.109,83.991,0.71763,173.33,179.34,0.12881
153.41,167.62,0.315,136.73,137.87,96.118,83.978,0.71829,173.28,179.32,0.12838
149.87,163.65,0.31504,137.83,138.71,96.131,83.962,0.71896,173.22,179.29,0.12788
145.85,159.13,0.31508,139.05,139.66,96.147,83.946,0.71961,173.17,179.24,0.1273
141.37,154.05,0.31513,140.39,140.7,96.17,83.93,0.72022,173.12,179.19,0.12668
136.46,148.42,0.31518,141.83,141.85,96.201,83.917,0.72075,173.07,179.12,0.12602
131.14,142.27,0.31523,143.35,143.09,96.241,83.908,0.72118,173.04,179.04,0.12534
125.44,135.63,0.31529,144.96,144.41,96.293,83.905,0.72149,173.01,178.96,0.12467
119.42,128.53,0.31536,146.64,145.83,96.357,83.911,0.72166,173,178.86,0.12401
113.11,121.03,0.31543,148.38,147.32,96.435,83.927,0.72166,173.01,178.76,0.1234
106.59,113.2,0.31552,150.16,148.9,96.528,83.955,0.72148,173.04,178.65,0.12285
99.902,105.11,0.31563,151.97,150.55,96.634,83.997,0.72111,173.09,178.54,0.12238
93.111,96.836,0.31576,153.79,152.27,96.754,84.054,0.72055,173.16,178.42,0.12201
86.28,88.47,0.31591,155.63,154.06,96.887,84.126,0.7198,173.26,178.29,0.12173
79.472,80.098,0.31608,157.45,155.89,97.03,84.212,0.71887,173.37,178.16,0.12156
72.745,71.81,0.31629,159.24,157.77,97.181,84.312,0.71777,173.5,178.03,0.12151
66.157,63.688,0.31653,161,159.67,97.34,84.424,0.71652,173.64,177.89,0.12157
59.76,55.815,0.3168,162.71,161.57,97.503,84.547,0.71513,173.79,177.75,0.12172
53.603,48.262,0.31711,164.34,163.44,97.67,84.679,0.71363,173.95,177.6,0.12197
47.727,41.092,0.31745,165.9,165.28,97.839,84.818,0.71205,174.11,177.46,0.1223
42.169,34.355,0.31782,167.37,167.04,98.008,84.96,0.71042,174.26,177.32,0.1227
36.958,28.092,0.31823,168.73,168.71,98.177,85.103,0.70876,174.41,177.19,0.12314
32.114,22.329,0.31867,169.98,170.26,98.343,85.245,0.70712,174.54,177.06,0.12361
27.652,17.083,0.31914,171.11,171.67,98.506,85.383,0.70551,174.66,176.94,0.1241
23.577,12.357,0.31962,172.11,172.94,98.664,85.515,0.70396,174.77,176.82,0.12459
19.89,8.147,0.32012,172.98,174.04,98.817,85.639,0.70249,174.86,176.72,0.12507
16.584,4.4372,0.32063,173.72,174.98,98.963,85.753,0.70112,174.93,176.63,0.12554
13.648,1.2065,0.32114,174.33,175.75,99.103,85.857,0.69986,174.98,176.56,0.12597
11.069,-1.5722,0.32163,174.81,176.34,99.235,85.95,0.69873,175.02,176.49,0.12637
8.8287,-3.9292,0.3221,175.17,176.77,99.359,86.032,0.69773,175.05,176.43,0.12674
6.9116,-5.8963,0.32255,175.42,177.05,99.475,86.102,0.69686,175.06,176.39,0.12707
5.3018,-7.5043,0.32295,175.55,177.17,99.583,86.163,0.69613,175.06,176.36,0.12736
3.9863,-8.7813,0.3233,175.58,177.15,99.684,86.215,0.69553,175.06,176.33,0.12761
2.956,-9.7509,0.32359,175.52,177,99.778,86.258,0.69507,175.05,176.32,0.12782
2.2071,-10.431,0.32382,175.37,176.71,99.864,86.294,0.69475,175.03,176.31,0.12799
1.7411,-10.831,0.32398,175.13,176.31,99.944,86.323,0.69456,175.01,176.31,0.12814
1.5662,-10.953,0.32406,174.81,175.77,100.02,86.347,0.69451,174.99,176.31,0.12825
1.6963,-10.792,0.32407,174.4,175.12,100.08,86.366,0.6946,174.97,176.32,0.12833
2.1511,-10.332,0.32401,173.9,174.35,100.14,86.38,0.69483,174.95,176.34,0.12838
2.9548,-9.551,0.32389,173.32,173.46,100.19,86.39,0.6952,174.93,176.36,0.12841
4.1352,-8.4208,0.3237,172.65,172.46,100.23,86.395,0.69571,174.92,176.38,0.1284
5.7212,-6.9074,0.32345,171.89,171.33,100.26,86.394,0.69637,174.9,176.4,0.12837
7.7415,-4.9741,0.32316,171.03,170.1,100.27,86.388,0.69716,174.9,176.43,0.12831
10.222,-2.5834,0.32284,170.08,168.76,100.27,86.374,0.69808,174.89,176.45,0.12822
13.184,0.30068,0.32249,169.03,167.33,100.26,86.352,0.69913,174.9,176.48,0.1281
16.641,3.7098,0.32212,167.89,165.82,100.22,86.321,0.70029,174.9,176.51,0.12795
20.599,7.6693,0.32175,166.66,164.24,100.17,86.28,0.70154,174.91,176.54,0.12776
25.053,12.196,0.32138,165.35,162.62,100.1,86.228,0.70287,174.92,176.56,0.12753
29.986,17.295,0.32101,163.96,160.98,100,86.164,0.70424,174.94,176.59,0.12727
35.371,22.96,0.32066,162.52,159.35,99.884,86.089,0.70563,174.95,176.61,0.12698
41.168,29.171,0.32032,161.03,157.74,99.746,86.002,0.707,174.96,176.63,0.12665
47.329,35.895,0.32001,159.5,156.18,99.588,85.904,0.70833,174.97,176.65,0.12629
53.796,43.082,0.31972,157.96,154.7,99.411,85.797,0.70958,174.98,176.66,0.12591
60.503,50.671,0.31945,156.42,153.31,99.22,85.682,0.71073,174.99,176.67,0.12552
67.381,58.589,0.31921,154.9,152.02,99.017,85.563,0.71175,174.99,176.68,0.12512
74.359,66.753,0.31899,153.42,150.84,98.806,85.441,0.71264,174.98,176.69,0.12473
81.365,75.07,0.3188,152,149.78,98.592,85.319,0.71337,174.97,176.7,0.12436
88.333,83.448,0.31862,150.64,148.83,98.378,85.201,0.71394,174.96,176.7,0.12402
95.198,91.791,0.31845,149.38,147.99,98.17,85.09,0.71434,174.95,176.71,0.12372
101.9,100.01,0.3183,148.21,147.24,97.97,84.988,0.71458,174.94,176.73,0.12348
108.4,108.02,0.31816,147.14,146.58,97.782,84.897,0.71467,174.93,176.75,0.1233
114.64,115.74,0.31803,146.18,145.98,97.609,84.819,0.71461,174.92,176.78,0.1232
120.6,123.11,0.3179,145.32,145.44,97.452,84.755,0.71443,174.91,176.82,0.12318
126.23,130.08,0.31778,144.56,144.95,97.313,84.704,0.71414,174.9,176.87,0.12323
131.51,136.6,0.31765,143.89,144.49,97.192,84.667,0.71376,174.89,176.93,0.12337
136.43,142.64,0.31753,143.31,144.07,97.089,84.642,0.71333,174.89,177,0.12358
140.96,148.19,0.3174,142.82,143.67,97.003,84.628,0.71285,174.88,177.08,0.12385
145.09,153.22,0.31727,142.4,143.29,96.932,84.624,0.71236,174.88,177.17,0.12419
148.82,157.74,0.31715,142.04,142.92,96.875,84.627,0.71186,174.88,177.28,0.12457
152.15,161.74,0.31702,141.74,142.58,96.831,84.636,0.71139,174.87,177.39,0.12499
155.06,165.23,0.3169,141.5,142.25,96.798,84.649,0.71096,174.86,177.51,0.12543
157.55,168.22,0.31678,141.31,141.94,96.773,84.665,0.71058,174.86,177.63,0.12588
159.62,170.72,0.31666,141.16,141.65,96.754,84.681,0.71027,174.85,177.75,0.12632
161.28,172.73,0.31656,141.06,141.38,96.741,84.696,0.71004,174.83,177.87,0.12674
162.5,174.27,0.31646,141.01,141.14,96.73,84.708,0.7099,174.82,177.99,0.12713
163.3,175.34,0.31637,141,140.93,96.721,84.717,0.70986,174.8,178.11,0.12746
163.67,175.94,0.3163,141.03,140.75,96.711,84.721,0.70992,174.78,178.22,0.12774
163.59,176.06,0.31623,141.12,140.61,96.701,84.719,0.71009,174.75,178.32,0.12794
163.07,175.7,0.31618,141.25,140.51,96.689,84.71,0.71036,174.72,178.41,0.12807
162.1,174.83,0.31614,141.44,140.45,96.675,84.696,0.71072,174.68,178.49,0.12811
160.66,173.45,0.3161,141.67,140.43,96.659,84.675,0.71117,174.64,178.56,0.12807
158.76,171.53,0.31608,141.96,140.46,96.643,84.647,0.7117,174.6,178.61,0.12793
156.4,169.07,0.31606,142.3,140.55,96.626,84.615,0.71229,174.55,178.66,0.12772
153.56,166.03,0.31604,142.7,140.68,96.61,84.579,0.71292,174.5,178.69,0.12742
150.27,162.42,0.31603,143.15,140.86,96.596,84.539,0.71357,174.44,178.71,0.12705
146.53,158.22,0.31601,143.65,141.1,96.587,84.499,0.71423,174.38,178.71,0.12661
142.36,153.45,0.316,144.2,141.41,96.585,84.459,0.71487,174.32,178.71,0.12613
137.79,148.1,0.31599,144.8,141.77,96.59,84.421,0.71546,174.26,178.69,0.1256
132.83,142.2,0.31598,145.44,142.21,96.605,84.388,0.71599,174.21,178.66,0.12505
127.52,135.78,0.31597,146.14,142.73,96.632,84.362,0.71643,174.16,178.62,0.1245
121.91,128.89,0.31596,146.88,143.33,96.672,84.344,0.71676,174.11,178.57,0.12396
116.03,121.59,0.31595,147.67,144.03,96.726,84.338,0.71696,174.08,178.5,0.12344
109.94,113.93,0.31595,148.52,144.84,96.794,84.345,0.71701,174.06,178.43,0.12297
103.68,106,0.31596,149.42,145.76,96.879,84.366,0.71691,174.05,178.35,0.12257
97.299,97.876,0.31598,150.38,146.8,96.978,84.403,0.71663,174.06,178.26,0.12223
90.853,89.643,0.31601,151.4,147.98,97.093,84.458,0.71619,174.09,178.16,0.12198
84.392,81.392,0.31604,152.49,149.28,97.222,84.53,0.71557,174.13,178.06,0.12183
77.965,73.21,0.31609,153.63,150.71,97.363,84.619,0.71479,174.19,177.95,0.12177
71.621,65.183,0.31616,154.84,152.26,97.514,84.725,0.71385,174.26,177.83,0.12181
65.406,57.389,0.31623,156.09,153.9,97.674,84.844,0.71277,174.34,177.71,0.12194
59.365,49.9,0.31633,157.39,155.63,97.839,84.976,0.71157,174.44,177.58,0.12215
53.539,42.778,0.31645,158.71,157.41,98.007,85.116,0.71026,174.54,177.46,0.12245
47.964,36.075,0.31658,160.05,159.22,98.176,85.262,0.70888,174.64,177.33,0.12281
42.672,29.83,0.31674,161.39,161.02,98.344,85.41,0.70745,174.75,177.21,0.12323
37.69,24.075,0.31692,162.71,162.79,98.508,85.557,0.706,174.85,177.09,0.12369
33.039,18.826,0.31713,164,164.5,98.667,85.7,0.70456,174.94,176.98,0.12419
28.732,14.091,0.31736,165.24,166.13,98.82,85.837,0.70316,175.02,176.87,0.1247
24.777,9.8677,0.31762,166.42,167.65,98.966,85.965,0.70182,175.1,176.78,0.12523
21.176,6.1419,0.31791,167.52,169.05,99.103,86.082,0.70056,175.16,176.7,0.12575
17.923,2.8927,0.31821,168.54,170.31,99.233,86.189,0.69939,175.21,176.62,0.12627
15.008,0.09184,0.31853,169.47,171.43,99.353,86.283,0.69833,175.25,176.56,0.12677
12.417,-2.2942,0.31886,170.3,172.39,99.466,86.365,0.69737,175.28,176.51,0.12725
10.132,-4.3025,0.3192,171.03,173.21,99.57,86.435,0.69653,175.29,176.46,0.1277
8.1334,-5.9718,0.31953,171.66,173.88,99.667,86.494,0.6958,175.3,176.43,0.12811
6.3988,-7.3411,0.31985,172.19,174.41,99.756,86.542,0.69517,175.29,176.4,0.1285
4.9079,-8.4472,0.32015,172.62,174.8,99.84,86.581,0.69464,175.28,176.37,0.12885
3.6419,-9.3236,0.32043,172.95,175.07,99.917,86.612,0.69421,175.27,176.35,0.12916
2.5852,-9.9987,0.32066,173.18,175.21,99.99,86.636,0.69388,175.25,176.34,0.12944
1.7266,-10.494,0.32086,173.32,175.24,100.06,86.653,0.69364,175.22,176.32,0.12967
1.0607,-10.824,0.32101,173.37,175.16,100.12,86.667,0.69349,175.19,176.31,0.12988
0.58833,-10.995,0.32111,173.32,174.97,100.18,86.676,0.69343,175.17,176.3,0.13004
0.31716,-11.002,0.32116,173.18,174.67,100.24,86.682,0.69348,175.14,176.28,0.13017
0.26182,-10.834,0.32116,172.94,174.26,100.29,86.684,0.69363,175.11,176.27,0.13026
0.44362,-10.469,0.32111,172.6,173.73,100.34,86.684,0.69389,175.08,176.26,0.13031
0.88987,-9.876,0.32102,172.15,173.09,100.38,86.681,0.69428,175.06,176.24,0.13032
1.6328,-9.0189,0.32088,171.59,172.33,100.42,86.674,0.6948,175.03,176.23,0.1303
2.708,-7.8541,0.32071,170.91,171.45,100.45,86.663,0.69546,175.01,176.22,0.13023
4.153,-6.3343,0.32051,170.11,170.45,100.46,86.646,0.69626,175,176.21,0.13013
6.0048,-4.4098,0.32028,169.19,169.32,100.46,86.623,0.6972,174.98,176.2,0.12999
8.2982,-2.0315,0.32005,168.14,168.08,100.45,86.593,0.6983,174.97,176.2,0.1298
11.063,0.84699,0.31981,166.98,166.73,100.42,86.554,0.69953,174.96,176.2,0.12957
14.323,4.2666,0.31957,165.72,165.3,100.38,86.504,0.7009,174.96,176.2,0.12931
18.092,8.2603,0.31934,164.35,163.79,100.31,86.445,0.70237,174.95,176.21,0.129
22.374,12.85,0.31912,162.9,162.23,100.22,86.373,0.70393,174.94,176.22,0.12866
27.162,18.047,0.31893,161.37,160.64,100.11,86.29,0.70555,174.93,176.23,0.12829
32.436,23.845,0.31875,159.8,159.05,99.972,86.195,0.70719,174.92,176.25,0.1279
38.164,30.224,0.3186,158.19,157.47,99.815,86.088,0.70881,174.91,176.27,0.12748
44.301,37.149,0.31848,156.58,155.94,99.639,85.972,0.71038,174.89,176.29,0.12705
50.792,44.567,0.31838,154.97,154.46,99.444,85.847,0.71185,174.87,176.31,0.12663
57.574,52.411,0.3183,153.38,153.07,99.235,85.716,0.71318,174.84,176.34,0.12621
64.573,60.6,0.31824,151.84,151.77,99.015,85.581,0.71436,174.81,176.37,0.12582
71.714,69.044,0.31819,150.36,150.57,98.788,85.445,0.71534,174.77,176.4,0.12547
78.917,77.645,0.31815,148.96,149.48,98.559,85.31,0.71611,174.73,176.43,0.12516
86.106,86.301,0.31813,147.64,148.5,98.333,85.181,0.71665,174.68,176.47,0.12491
93.204,94.91,0.31811,146.42,147.63,98.114,85.059,0.71697,174.63,176.51,0.12473
100.14,103.38,0.31809,145.3,146.85,97.907,84.947,0.71709,174.58,176.56,0.12463
106.86,111.61,0.31807,144.28,146.15,97.714,84.848,0.717,174.53,176.61,0.12461
113.29,119.52,0.31805,143.36,145.53,97.538,84.762,0.71675,174.48,176.67,0.12467
119.4,127.05,0.31803,142.54,144.97,97.382,84.69,0.71636,174.43,176.74,0.12482
125.14,134.12,0.31801,141.82,144.46,97.247,84.632,0.71587,174.38,176.83,0.12504
130.49,140.69,0.31799,141.18,143.99,97.133,84.589,0.71531,174.33,176.93,0.12534
135.41,146.73,0.31797,140.62,143.54,97.04,84.559,0.71471,174.29,177.04,0.12571
139.89,152.21,0.31794,140.13,143.11,96.967,84.54,0.7141,174.25,177.16,0.12614
143.93,157.12,0.31792,139.7,142.69,96.913,84.532,0.7135,174.22,177.3,0.12661
147.53,161.45,0.31789,139.33,142.29,96.876,84.533,0.71293,174.18,177.45,0.1271
150.69,165.23,0.31786,139.01,141.89,96.854,84.541,0.71241,174.15,177.61,0.12762
153.44,168.46,0.31782,138.72,141.5,96.844,84.554,0.71194,174.12,177.78,0.12815
155.79,171.18,0.31779,138.47,141.12,96.845,84.571,0.71153,174.09,177.95,0.12866
157.77,173.43,0.31775,138.25,140.75,96.855,84.591,0.71118,174.06,178.13,0.12916
159.42,175.24,0.31771,138.05,140.41,96.87,84.611,0.7109,174.03,178.3,0.12964
160.78,176.67,0.31767,137.87,140.08,96.89,84.632,0.71067,174.01,178.47,0.13008
161.87,177.76,0.31762,137.71,139.77,96.911,84.652,0.7105,173.98,178.63,0.13048
162.73,178.57,0.31758,137.55,139.49,96.934,84.67,0.71037,173.96,178.79,0.13084
163.42,179.15,0.31755,137.41,139.24,96.956,84.687,0.71029,173.95,178.93,0.13115
163.96,179.55,0.31751,137.28,139.01,96.976,84.703,0.71024,173.93,179.05,0.13142
164.38,179.81,0.31749,137.15,138.82,96.995,84.717,0.71022,173.92,179.16,0.13164
164.72,179.98,0.31747,137.03,138.65,97.01,84.729,0.71023,173.92,179.26,0.13182
164.99,180.08,0.31745,136.92,138.51,97.023,84.74,0.71026,173.91,179.33,0.13196
165.21,180.15,0.31745,136.82,138.39,97.031,84.749,0.71031,173.92,179.39,0.13206
165.4,180.2,0.31745,136.73,138.31,97.036,84.757,0.71038,173.93,179.43,0.13213
165.54,180.24,0.31746,136.67,138.25,97.037,84.764,0.71047,173.94,179.45,0.13215
165.65,180.27,0.31748,136.62,138.22,97.033,84.768,0.71057,173.96,179.46,0.13214
165.7,180.28,0.3175,136.61,138.21,97.026,84.772,0.7107,173.98,179.45,0.1321
165.67,180.25,0.31754,136.64,138.23,97.014,84.773,0.71086,174,179.43,0.13203
165.55,180.17,0.31758,136.72,138.28,96.998,84.773,0.71105,174.03,179.39,0.13191
165.3,179.99,0.31763,136.85,138.35,96.979,84.771,0.71127,174.06,179.35,0.13177
164.89,179.69,0.31768,137.04,138.45,96.956,84.766,0.71152,174.09,179.29,0.13158
164.29,179.22,0.31774,137.31,138.57,96.93,84.759,0.71182,174.13,179.23,0.13136
163.46,178.53,0.31781,137.65,138.72,96.902,84.749,0.71214,174.16,179.16,0.13109
162.35,177.58,0.31789,138.08,138.9,96.873,84.737,0.71251,174.19,179.08,0.13078
160.95,176.33,0.31797,138.6,139.11,96.843,84.723,0.7129,174.22,178.99,0.13043
159.22,174.72,0.31806,139.2,139.35,96.812,84.705,0.71331,174.25,178.9,0.13002
157.13,172.73,0.31815,139.89,139.62,96.784,84.686,0.71374,174.27,178.8,0.12958
154.67,170.31,0.31824,140.67,139.92,96.757,84.665,0.71417,174.29,178.7,0.12908
151.82,167.43,0.31833,141.53,140.24,96.735,84.642,0.7146,174.31,178.59,0.12855
148.59,164.06,0.31843,142.46,140.6,96.717,84.618,0.71501,174.32,178.47,0.12798
144.96,160.21,0.31852,143.47,140.99,96.706,84.594,0.7154,174.33,178.35,0.12739
140.96,155.85,0.3186,144.53,141.41,96.702,84.571,0.71574,174.33,178.22,0.12677
136.6,150.99,0.31868,145.64,141.86,96.706,84.55,0.71602,174.34,178.09,0.12615
131.91,145.65,0.31874,146.79,142.35,96.721,84.532,0.71623,174.34,177.96,0.12553
126.91,139.85,0.31879,147.98,142.88,96.745,84.517,0.71637,174.35,177.82,0.12493
121.65,133.63,0.31883,149.19,143.46,96.78,84.507,0.71641,174.36,177.68,0.12436
116.16,127.02,0.31886,150.42,144.1,96.827,84.504,0.71635,174.37,177.54,0.12383
110.49,120.09,0.31886,151.66,144.8,96.884,84.509,0.71619,174.39,177.4,0.12336
104.67,112.89,0.31886,152.9,145.58,96.953,84.522,0.71592,174.42,177.27,0.12296
98.748,105.49,0.31883,154.15,146.45,97.032,84.545,0.71554,174.46,177.13,0.12263
92.769,97.962,0.31879,155.4,147.42,97.12,84.579,0.71506,174.5,177,0.12239
86.77,90.373,0.31873,156.65,148.49,97.218,84.625,0.71448,174.56,176.88,0.12224
80.788,82.798,0.31867,157.89,149.67,97.325,84.682,0.7138,174.62,176.77,0.12218
74.858,75.306,0.31859,159.12,150.97,97.439,84.752,0.71303,174.69,176.66,0.12222
69.016,67.962,0.3185,160.33,152.36,97.56,84.833,0.71218,174.77,176.57,0.12235
63.295,60.824,0.31842,161.52,153.86,97.686,84.926,0.71125,174.86,176.49,0.12256
57.724,53.944,0.31833,162.69,155.44,97.817,85.027,0.71026,174.95,176.43,0.12286
52.334,47.366,0.31825,163.82,157.07,97.953,85.136,0.70921,175.03,176.37,0.12323
47.152,41.124,0.31819,164.91,158.74,98.091,85.251,0.70812,175.12,176.34,0.12366
42.202,35.245,0.31814,165.96,160.42,98.232,85.37,0.707,175.2,176.31,0.12414
37.507,29.749,0.31812,166.95,162.08,98.375,85.49,0.70587,175.27,176.3,0.12466
33.084,24.65,0.31812,167.88,163.69,98.518,85.61,0.70475,175.33,176.3,0.12521
28.949,19.953,0.31816,168.73,165.23,98.661,85.727,0.70366,175.37,176.32,0.12576
25.111,15.659,0.31823,169.51,166.68,98.804,85.84,0.7026,175.41,176.34,0.12632
21.577,11.763,0.31835,170.21,168.02,98.945,85.947,0.7016,175.42,176.37,0.12686
18.348,8.2552,0.3185,170.82,169.24,99.084,86.047,0.70067,175.43,176.41,0.12738
15.421,5.1206,0.3187,171.34,170.32,99.221,86.139,0.69982,175.41,176.45,0.12788
12.792,2.3417,0.31894,171.78,171.25,99.354,86.222,0.69905,175.38,176.49,0.12834
10.449,-0.10166,0.31922,172.12,172.05,99.483,86.297,0.69837,175.34,176.53,0.12876
8.3822,-2.2313,0.31953,172.38,172.7,99.608,86.363,0.69778,175.29,176.57,0.12914
6.5775,-4.0697,0.31987,172.56,173.21,99.728,86.42,0.69728,175.23,176.61,0.12949
5.0212,-5.6386,0.32023,172.66,173.58,99.842,86.469,0.69687,175.17,176.65,0.12979
3.7006,-6.9583,0.32061,172.67,173.82,99.948,86.51,0.69656,175.1,176.67,0.13005
2.6046,-8.0462,0.321,172.61,173.94,100.05,86.543,0.69635,175.03,176.7,0.13027
1.7256,-8.9157,0.32139,172.47,173.93,100.14,86.569,0.69625,174.97,176.72,0.13045
1.0597,-9.575,0.32176,172.25,173.79,100.22,86.588,0.69625,174.9,176.73,0.1306
0.60849,-10.027,0.32212,171.94,173.54,100.29,86.599,0.69636,174.85,176.74,0.13071
0.37877,-10.266,0.32244,171.54,173.15,100.34,86.603,0.6966,174.8,176.74,0.13079
0.38324,-10.283,0.32272,171.04,172.64,100.38,86.599,0.69696,174.76,176.74,0.13083
0.64028,-10.06,0.32296,170.44,171.99,100.41,86.587,0.69745,174.73,176.74,0.13084
1.1734,-9.5728,0.32313,169.73,171.21,100.42,86.566,0.69808,174.71,176.73,0.13081
2.0106,-8.7916,0.32325,168.9,170.28,100.41,86.537,0.69884,174.7,176.72,0.13075
3.1825,-7.6828,0.32331,167.94,169.22,100.38,86.497,0.69973,174.7,176.71,0.13066
4.7217,-6.2099,0.32331,166.86,168.02,100.34,86.448,0.70076,174.7,176.69,0.13052
6.66,-4.3349,0.32325,165.66,166.69,100.27,86.388,0.7019,174.71,176.67,0.13035
9.0271,-2.0211,0.32313,164.34,165.23,100.19,86.319,0.70315,174.72,176.64,0.13014
11.848,0.76576,0.32298,162.91,163.68,100.08,86.239,0.70449,174.73,176.62,0.12989
15.142,4.0549,0.32279,161.39,162.03,99.958,86.15,0.7059,174.74,176.59,0.12961
18.919,7.869,0.32256,159.8,160.32,99.816,86.051,0.70736,174.76,176.56,0.12928
23.181,12.223,0.32232,158.15,158.58,99.658,85.944,0.70883,174.76,176.52,0.12892
27.917,17.12,0.32207,156.48,156.83,99.486,85.83,0.71028,174.77,176.49,0.12853
33.109,22.557,0.32181,154.8,155.09,99.3,85.709,0.71169,174.76,176.45,0.12812
38.725,28.516,0.32155,153.15,153.41,99.103,85.584,0.71302,174.75,176.42,0.12769
44.723,34.969,0.32128,151.56,151.81,98.898,85.454,0.71425,174.74,176.39,0.12725
51.053,41.875,0.32103,150.03,150.32,98.687,85.323,0.71534,174.72,176.36,0.12681
57.656,49.184,0.32077,148.61,148.95,98.473,85.191,0.71629,174.69,176.34,0.12639
64.468,56.834,0.32052,147.31,147.74,98.258,85.061,0.71708,174.65,176.32,0.12599
71.42,64.754,0.32027,146.14,146.69,98.045,84.935,0.71769,174.62,176.32,0.12563
78.443,72.865,0.32002,145.12,145.8,97.837,84.814,0.71814,174.58,176.32,0.12532
85.469,81.084,0.31977,144.25,145.07,97.637,84.701,0.71843,174.54,176.33,0.12506
92.434,89.323,0.31952,143.55,144.5,97.446,84.596,0.71855,174.5,176.35,0.12487
99.274,97.495,0.31927,143,144.07,97.266,84.501,0.71853,174.46,176.39,0.12476
105.93,105.52,0.31902,142.59,143.76,97.099,84.416,0.71838,174.43,176.43,0.12472
112.36,113.31,0.31877,142.32,143.55,96.946,84.341,0.71811,174.4,176.49,0.12476
118.51,120.82,0.31852,142.18,143.43,96.806,84.277,0.71774,174.37,176.56,0.12488
124.35,127.96,0.31827,142.14,143.37,96.68,84.222,0.7173,174.36,176.64,0.12507
129.83,134.7,0.31803,142.19,143.35,96.567,84.176,0.71679,174.34,176.73,0.12534
134.93,140.99,0.3178,142.3,143.36,96.466,84.138,0.71625,174.34,176.83,0.12567
139.64,146.81,0.31759,142.46,143.39,96.377,84.106,0.71569,174.33,176.95,0.12605
143.93,152.13,0.31739,142.65,143.42,96.299,84.078,0.71512,174.34,177.07,0.12648
147.8,156.94,0.31722,142.84,143.44,96.23,84.055,0.71457,174.34,177.19,0.12693
151.24,161.24,0.31707,143.03,143.45,96.17,84.035,0.71404,174.35,177.33,0.12741
154.27,165.03,0.31695,143.21,143.43,96.117,84.016,0.71355,174.36,177.46,0.1279
156.89,168.33,0.31685,143.35,143.38,96.07,83.998,0.71311,174.38,177.59,0.12838
159.13,171.17,0.31677,143.46,143.3,96.028,83.98,0.71271,174.39,177.73,0.12885
160.99,173.55,0.31673,143.53,143.18,95.99,83.962,0.71237,174.41,177.86,0.12929
162.52,175.53,0.3167,143.55,143.02,95.956,83.943,0.71207,174.43,177.99,0.12971
163.73,177.13,0.31669,143.54,142.82,95.924,83.923,0.71183,174.44,178.12,0.1301
164.67,178.4,0.3167,143.49,142.57,95.893,83.901,0.71163,174.46,178.24,0.13045
165.38,179.37,0.31672,143.41,142.28,95.864,83.878,0.71148,174.47,178.35,0.13077
165.87,180.11,0.31674,143.29,141.95,95.835,83.854,0.71137,174.48,178.46,0.13105
166.21,180.63,0.31678,143.16,141.59,95.806,83.829,0.71129,174.5,178.56,0.1313
166.41,181,0.31681,143.01,141.21,95.777,83.802,0.71125,174.51,178.66,0.13151
166.52,181.24,0.31683,142.85,140.81,95.747,83.774,0.71124,174.52,178.75,0.1317
166.57,181.4,0.31684,142.69,140.4,95.717,83.745,0.71125,174.53,178.83,0.13186
166.57,181.5,0.31685,142.53,140,95.685,83.715,0.71128,174.54,178.91,0.132
166.56,181.56,0.31683,142.39,139.61,95.653,83.684,0.71134,174.55,178.98,0.13212
166.54,181.61,0.31679,142.25,139.24,95.62,83.653,0.71141,174.56,179.04,0.13222
166.52,181.66,0.31674,142.14,138.91,95.586,83.622,0.71149,174.57,179.11,0.1323
166.51,181.71,0.31666,142.06,138.62,95.552,83.591,0.7116,174.58,179.16,0.13236
166.49,181.75,0.31656,142,138.37,95.519,83.561,0.71173,174.59,179.22,0.1324
166.46,181.77,0.31644,141.97,138.18,95.487,83.532,0.71188,174.59,179.27,0.13242
166.39,181.77,0.3163,141.98,138.04,95.457,83.504,0.71205,174.6,179.32,0.13242
166.25,181.69,0.31615,142.03,137.97,95.429,83.478,0.71226,174.61,179.37,0.13239
166.01,181.53,0.31598,142.12,137.95,95.403,83.454,0.71249,174.62,179.41,0.13233
165.64,181.22,0.31581,142.25,138,95.382,83.433,0.71276,174.63,179.45,0.13224
165.1,180.74,0.31564,142.42,138.11,95.364,83.414,0.71307,174.63,179.49,0.1321
164.33,180.04,0.31547,142.65,138.28,95.351,83.398,0.71341,174.64,179.52,0.13192
163.3,179.06,0.31532,142.91,138.51,95.343,83.385,0.71378,174.64,179.55,0.13169
161.97,177.76,0.31519,143.23,138.78,95.341,83.375,0.71419,174.64,179.57,0.1314
160.3,176.09,0.31508,143.59,139.1,95.344,83.369,0.71464,174.64,179.59,0.13106
158.27,174.01,0.315,144,139.45,95.355,83.367,0.71511,174.64,179.61,0.13067
155.83,171.48,0.31497,144.47,139.83,95.373,83.369,0.7156,174.64,179.61,0.13022
152.98,168.46,0.31497,144.98,140.24,95.398,83.375,0.7161,174.64,179.6,0.12971
149.71,164.92,0.31502,145.53,140.66,95.432,83.387,0.71661,174.64,179.59,0.12916
146,160.86,0.31511,146.14,141.1,95.475,83.404,0.71711,174.64,179.56,0.12857
141.87,156.25,0.31525,146.79,141.54,95.527,83.427,0.71759,174.64,179.52,0.12794
137.33,151.1,0.31543,147.48,142,95.588,83.457,0.71802,174.64,179.47,0.12729
132.41,145.43,0.31565,148.23,142.47,95.66,83.493,0.71839,174.65,179.41,0.12663
127.12,139.24,0.3159,149.02,142.97,95.742,83.538,0.71868,174.66,179.33,0.12598
121.52,132.59,0.31617,149.86,143.49,95.834,83.59,0.71886,174.68,179.24,0.12534
115.63,125.5,0.31646,150.75,144.05,95.937,83.652,0.71893,174.71,179.13,0.12475
109.5,118.04,0.31676,151.7,144.67,96.049,83.723,0.71886,174.75,179.01,0.1242
103.19,110.27,0.31706,152.7,145.36,96.172,83.804,0.71864,174.8,178.88,0.12372
96.741,102.27,0.31735,153.76,146.14,96.304,83.895,0.71826,174.86,178.74,0.12333
90.21,94.122,0.31762,154.88,147.04,96.445,83.998,0.71771,174.93,178.59,0.12303
83.65,85.908,0.31787,156.06,148.05,96.593,84.11,0.717,175,178.43,0.12282
77.115,77.722,0.31809,157.29,149.2,96.749,84.233,0.71613,175.09,178.27,0.12273
70.659,69.657,0.31828,158.56,150.5,96.911,84.365,0.71511,175.18,178.1,0.12275
64.336,61.799,0.31843,159.87,151.93,97.077,84.503,0.71394,175.28,177.92,0.12287
58.195,54.231,0.31856,161.21,153.5,97.246,84.647,0.71266,175.38,177.75,0.1231
52.285,47.025,0.31865,162.55,155.18,97.417,84.794,0.71127,175.47,177.57,0.12342
46.651,40.243,0.31871,163.88,156.96,97.589,84.942,0.70981,175.56,177.4,0.12382
41.33,33.932,0.31876,165.19,158.8,97.759,85.087,0.70829,175.64,177.23,0.12429
36.355,28.128,0.31878,166.46,160.68,97.927,85.228,0.70676,175.71,177.07,0.12481
31.748,22.85,0.3188,167.68,162.56,98.091,85.362,0.70523,175.77,176.93,0.12537
27.527,18.108,0.31882,168.82,164.4,98.248,85.486,0.70373,175.82,176.79,0.12596
23.698,13.898,0.31883,169.88,166.18,98.399,85.6,0.70228,175.85,176.67,0.12655
20.262,10.205,0.31886,170.85,167.87,98.541,85.701,0.7009,175.86,176.56,0.12713
17.209,7.0033,0.31891,171.72,169.43,98.674,85.79,0.69961,175.87,176.47,0.1277
14.524,4.262,0.31897,172.48,170.86,98.799,85.865,0.69842,175.86,176.39,0.12824
12.184,1.9421,0.31906,173.14,172.13,98.913,85.927,0.69734,175.84,176.33,0.12875
10.165,0.00029253,0.31917,173.7,173.25,99.019,85.978,0.69636,175.82,176.29,0.12923
8.4347,-1.6091,0.31929,174.16,174.2,99.116,86.018,0.69549,175.79,176.26,0.12966
6.9624,-2.9329,0.31944,174.53,174.98,99.205,86.048,0.69473,175.75,176.24,0.13004
5.7159,-4.0167,0.31959,174.81,175.61,99.288,86.07,0.69408,175.71,176.22,0.13039
4.6641,-4.9037,0.31975,175.02,176.08,99.364,86.086,0.69353,175.67,176.22,0.13069
3.779,-5.6325,0.31991,175.15,176.4,99.436,86.098,0.69308,175.63,176.23,0.13095
3.0368,-6.2361,0.32007,175.22,176.58,99.504,86.106,0.69273,175.59,176.23,0.13117
2.4191,-6.7404,0.32021,175.22,176.63,99.569,86.113,0.69248,175.56,176.24,0.13135
1.914,-7.1628,0.32035,175.16,176.55,99.631,86.119,0.69232,175.53,176.26,0.13149
1.517,-7.5117,0.32046,175.03,176.34,99.692,86.125,0.69227,175.5,176.27,0.1316
1.2316,-7.786,0.32056,174.83,176.01,99.75,86.132,0.69232,175.47,176.28,0.13168
1.0693,-7.9743,0.32064,174.55,175.56,99.807,86.139,0.69248,175.45,176.29,0.13172
1.0495,-8.0555,0.32069,174.19,174.99,99.861,86.147,0.69275,175.43,176.3,0.13173
1.1993,-7.9988,0.32072,173.73,174.28,99.912,86.155,0.69313,175.41,176.31,0.13172
1.5524,-7.765,0.32072,173.17,173.46,99.957,86.162,0.69364,175.4,176.31,0.13167
2.1479,-7.3069,0.32071,172.49,172.5,99.997,86.167,0.69427,175.39,176.31,0.13159
3.029,-6.5714,0.32067,171.69,171.41,100.03,86.168,0.69503,175.38,176.31,0.13148
4.2411,-5.5015,0.32061,170.76,170.2,100.05,86.164,0.69592,175.38,176.31,0.13133
5.8296,-4.0377,0.32053,169.69,168.87,100.05,86.153,0.69694,175.37,176.31,0.13114
7.8378,-2.1216,0.32044,168.49,167.42,100.05,86.134,0.69807,175.36,176.31,0.13092
10.304,0.30226,0.32034,167.16,165.88,100.02,86.104,0.69932,175.36,176.3,0.13066
13.261,3.2834,0.32023,165.71,164.26,99.975,86.062,0.70066,175.35,176.3,0.13036
16.732,6.8626,0.32012,164.16,162.58,99.907,86.007,0.70207,175.34,176.3,0.13002
20.728,11.069,0.32001,162.53,160.86,99.817,85.938,0.70354,175.33,176.29,0.12965
25.25,15.92,0.3199,160.84,159.15,99.704,85.855,0.70504,175.31,176.29,0.12923
30.286,21.415,0.31979,159.13,157.45,99.569,85.758,0.70653,175.28,176.29,0.12878
35.81,27.539,0.31969,157.41,155.81,99.411,85.648,0.70797,175.25,176.29,0.1283
41.784,34.261,0.3196,155.73,154.24,99.233,85.527,0.70935,175.21,176.29,0.1278
48.158,41.531,0.31951,154.11,152.78,99.039,85.397,0.71063,175.17,176.29,0.12729
54.872,49.283,0.31944,152.58,151.44,98.83,85.26,0.71177,175.11,176.3,0.12676
61.858,57.439,0.31937,151.17,150.23,98.61,85.119,0.71277,175.06,176.31,0.12624
69.041,65.905,0.3193,149.9,149.17,98.383,84.976,0.71359,174.99,176.32,0.12573
76.343,74.58,0.31925,148.79,148.26,98.153,84.835,0.71424,174.92,176.34,0.12525
83.687,83.359,0.31919,147.83,147.49,97.924,84.698,0.71472,174.85,176.35,0.12481
90.995,92.132,0.31914,147.05,146.85,97.699,84.567,0.71502,174.77,176.38,0.12442
98.194,100.8,0.31909,146.42,146.33,97.481,84.445,0.71516,174.69,176.4,0.12409
105.21,109.25,0.31904,145.94,145.91,97.272,84.333,0.71515,174.62,176.43,0.12383
111.99,117.41,0.31897,145.6,145.58,97.075,84.232,0.71501,174.55,176.47,0.12364
118.48,125.19,0.3189,145.37,145.31,96.891,84.143,0.71478,174.48,176.52,0.12352
124.62,132.52,0.31882,145.24,145.09,96.721,84.064,0.71447,174.42,176.57,0.12349
130.38,139.37,0.31871,145.19,144.89,96.565,83.997,0.71412,174.37,176.64,0.12354
135.72,145.67,0.31859,145.18,144.7,96.424,83.939,0.71374,174.32,176.72,0.12366
140.63,151.42,0.31845,145.2,144.52,96.298,83.891,0.71337,174.27,176.81,0.12386
145.09,156.58,0.31829,145.23,144.32,96.186,83.851,0.71302,174.24,176.92,0.12412
149.09,161.17,0.3181,145.25,144.1,96.087,83.818,0.71271,174.21,177.04,0.12444
152.64,165.18,0.31789,145.25,143.85,96.001,83.79,0.71246,174.19,177.18,0.12482
155.74,168.63,0.31767,145.21,143.57,95.926,83.767,0.71226,174.17,177.33,0.12523
158.4,171.54,0.31744,145.13,143.26,95.863,83.747,0.71213,174.16,177.5,0.12568
160.66,173.96,0.3172,145.01,142.92,95.809,83.731,0.71206,174.15,177.68,0.12615
162.53,175.9,0.31695,144.83,142.55,95.764,83.716,0.71206,174.14,177.87,0.12663
164.04,177.43,0.31671,144.6,142.16,95.726,83.702,0.71211,174.14,178.07,0.12712
165.24,178.59,0.31648,144.33,141.74,95.695,83.689,0.71222,174.14,178.27,0.1276
166.15,179.42,0.31627,144.01,141.31,95.67,83.676,0.71237,174.14,178.46,0.12807
166.81,179.98,0.31608,143.66,140.87,95.651,83.663,0.71255,174.14,178.66,0.12852
167.26,180.32,0.3159,143.28,140.41,95.636,83.651,0.71277,174.15,178.84,0.12894
167.53,180.49,0.31576,142.88,139.96,95.626,83.639,0.71301,174.15,179.02,0.12934
167.67,180.53,0.31564,142.48,139.51,95.62,83.628,0.71326,174.16,179.18,0.12971
167.69,180.48,0.31554,142.07,139.06,95.617,83.618,0.71352,174.16,179.33,0.13004
167.64,180.4,0.31547,141.68,138.63,95.618,83.61,0.71377,174.17,179.45,0.13035
167.54,180.31,0.31543,141.3,138.22,95.622,83.603,0.71402,174.18,179.56,0.13062
167.41,180.23,0.3154,140.95,137.84,95.628,83.597,0.71425,174.19,179.65,0.13085
167.26,180.2,0.31539,140.65,137.5,95.636,83.594,0.71446,174.21,179.72,0.13106
167.12,180.23,0.31539,140.39,137.2,95.645,83.591,0.71464,174.23,179.78,0.13123
166.99,180.32,0.3154,140.19,136.96,95.654,83.59,0.7148,174.25,179.81,0.13137
166.86,180.47,0.31542,140.06,136.79,95.662,83.59,0.71494,174.27,179.84,0.13148
166.75,180.68,0.31544,140.01,136.69,95.67,83.591,0.71504,174.3,179.84,0.13157
166.63,180.93,0.31546,140.03,136.68,95.675,83.591,0.71512,174.32,179.84,0.13162
166.51,181.2,0.31548,140.15,136.78,95.678,83.591,0.71517,174.35,179.82,0.13163
166.35,181.45,0.3155,140.36,136.99,95.678,83.59,0.7152,174.38,179.8,0.13161
166.14,181.65,0.31552,140.66,137.32,95.675,83.588,0.71522,174.41,179.77,0.13155
165.84,181.75,0.31553,141.07,137.77,95.669,83.584,0.71521,174.43,179.73,0.13144
165.42,181.7,0.31554,141.59,138.37,95.66,83.579,0.7152,174.46,179.68,0.13128
164.85,181.44,0.31556,142.2,139.09,95.649,83.573,0.71519,174.47,179.63,0.13107
164.09,180.92,0.31557,142.92,139.96,95.638,83.567,0.71517,174.49,179.58,0.13079
163.09,180.07,0.31559,143.73,140.95,95.627,83.56,0.71516,174.5,179.52,0.13046
161.82,178.84,0.31561,144.63,142.05,95.618,83.554,0.71515,174.5,179.46,0.13006
160.24,177.16,0.31564,145.6,143.27,95.613,83.55,0.71515,174.5,179.4,0.1296
158.3,174.99,0.31568,146.65,144.57,95.614,83.548,0.71517,174.49,179.33,0.12908
155.98,172.27,0.31574,147.74,145.94,95.624,83.551,0.71519,174.48,179.26,0.12849
153.24,168.97,0.31581,148.87,147.34,95.644,83.559,0.71521,174.46,179.19,0.12786
150.07,165.06,0.31589,150.03,148.76,95.676,83.575,0.71524,174.45,179.11,0.12718
146.44,160.51,0.316,151.2,150.17,95.723,83.598,0.71525,174.43,179.03,0.12646
142.34,155.34,0.31613,152.36,151.54,95.786,83.631,0.71524,174.41,178.94,0.12573
137.78,149.53,0.31627,153.5,152.85,95.866,83.675,0.71519,174.4,178.85,0.125
132.76,143.13,0.31644,154.62,154.09,95.963,83.729,0.71508,174.4,178.76,0.12429
127.32,136.16,0.31662,155.71,155.23,96.078,83.795,0.71489,174.41,178.66,0.12361
121.47,128.68,0.31681,156.77,156.28,96.208,83.872,0.7146,174.43,178.55,0.12299
115.26,120.76,0.31701,157.79,157.24,96.354,83.959,0.71418,174.46,178.44,0.12244
108.73,112.46,0.31721,158.79,158.11,96.511,84.057,0.71363,174.51,178.32,0.12197
101.95,103.88,0.31741,159.76,158.9,96.678,84.163,0.71292,174.57,178.2,0.1216
94.971,95.119,0.3176,160.71,159.63,96.851,84.276,0.71204,174.64,178.07,0.12134
87.865,86.265,0.31777,161.65,160.3,97.025,84.394,0.71101,174.72,177.94,0.12118
80.703,77.424,0.31793,162.58,160.93,97.198,84.514,0.70983,174.82,177.81,0.12113
73.56,68.697,0.31806,163.49,161.53,97.366,84.635,0.70853,174.92,177.68,0.12118
66.512,60.18,0.31816,164.37,162.11,97.525,84.754,0.70712,175.03,177.56,0.12132
59.635,51.964,0.31824,165.23,162.66,97.671,84.869,0.70566,175.14,177.43,0.12152
52.999,44.128,0.31829,166.04,163.18,97.804,84.977,0.70417,175.24,177.32,0.12178
46.671,36.744,0.31832,166.79,163.67,97.921,85.075,0.70272,175.34,177.22,0.12207
40.71,29.868,0.31833,167.47,164.12,98.021,85.163,0.70135,175.43,177.12,0.12237
35.164,23.543,0.31832,168.06,164.52,98.103,85.239,0.7001,175.52,177.04,0.12266
30.074,17.799,,,,,,,,,
25.464,12.652,,,,,,,,,
21.349,8.1044,,,,,,,,,
17.733,4.1465,,,,,,,,,
14.606,0.7574,,,,,,,,,
11.95,-2.0937,,,,,,,,,
9.736,-4.4454,,,,,,,,,
7.9295,-6.343,,,,,,,,,
6.4901,-7.8359,,,,,,,,,
5.3735,-8.9766,,,,,,,,,
4.534,-9.8181,,,,,,,,,
3.9258,-10.413,,,,,,,,,
3.5047,-10.811,,,,,,,,,
3.2295,-11.058,,,,,,,,,
3.0631,-11.195,,,,,,,,,
