26.144,-4.873,0.27396,142.49,120.57,95.448,80.911,0.65098,165.16,163.56,0.13697
29.597,-1.5715,0.26086,140.31,118.16,95.383,80.945,0.64982,165.97,164.18,0.1358
33.191,1.1693,0.24808,138.2,115.75,95.339,80.997,0.64876,166.77,164.79,0.13466
36.915,3.2111,0.2359,136.23,113.37,95.318,81.07,0.64783,167.53,165.38,0.13355
40.756,4.4181,0.22456,134.42,111.08,95.326,81.166,0.64705,168.24,165.92,0.1325
44.699,4.6617,0.21425,132.81,108.92,95.365,81.285,0.64645,168.89,166.42,0.13153
48.725,3.8267,0.20511,131.44,106.93,95.437,81.428,0.64605,169.47,166.86,0.13064
52.814,1.8166,0.19722,130.31,105.17,95.543,81.595,0.64584,169.97,167.26,0.12986
56.94,-1.439,0.19062,129.46,103.66,95.683,81.782,0.64585,170.41,167.61,0.12917
61.079,-5.9775,0.18528,128.88,102.45,95.854,81.989,0.64606,170.77,167.92,0.12859
65.199,-11.797,0.18117,128.59,101.57,96.053,82.211,0.64646,171.06,168.19,0.12811
69.272,-18.85,0.17818,128.56,101.03,96.277,82.444,0.64705,171.3,168.42,0.12772
73.266,-27.04,0.17621,128.79,100.86,96.519,82.684,0.64779,171.47,168.63,0.12743
77.154,-36.225,0.17514,129.25,101.07,96.773,82.926,0.64868,171.6,168.81,0.12722
80.907,-46.212,0.17482,129.92,101.64,97.033,83.163,0.64967,171.69,168.98,0.12709
84.502,-56.775,0.17513,130.77,102.57,97.293,83.393,0.65075,171.75,169.13,0.12702
87.918,-67.661,0.17591,131.77,103.84,97.546,83.609,0.65189,171.78,169.28,0.127
91.141,-78.61,0.17706,132.89,105.42,97.787,83.81,0.65305,171.79,169.43,0.12701
94.16,-89.37,0.17844,134.11,107.27,98.011,83.991,0.6542,171.79,169.56,0.12706
96.973,-99.715,0.17997,135.41,109.35,98.212,84.15,0.65532,171.78,169.7,0.12712
99.581,-109.45,0.18155,136.76,111.6,98.39,84.287,0.65637,171.76,169.82,0.12719
101.99,-118.42,0.18312,138.15,113.98,98.54,84.401,0.65734,171.75,169.94,0.12725
104.22,-126.52,0.18461,139.55,116.43,98.664,84.493,0.65819,171.73,170.05,0.12731
106.28,-133.67,0.18598,140.97,118.92,98.759,84.562,0.65892,171.72,170.15,0.12734
108.18,-139.85,0.18721,142.38,121.41,98.828,84.611,0.65951,171.7,170.23,0.12735
109.95,-145.07,0.18828,143.78,123.86,98.872,84.642,0.65995,171.69,170.3,0.12734
111.59,-149.35,0.18917,145.17,126.25,98.893,84.657,0.66024,171.68,170.35,0.1273
113.13,-152.75,0.18988,146.53,128.57,98.892,84.658,0.6604,171.68,170.38,0.12723
114.58,-155.36,0.19043,147.87,130.8,98.875,84.647,0.66042,171.68,170.4,0.12714
115.95,-157.26,0.1908,149.17,132.94,98.842,84.628,0.66032,171.68,170.39,0.12701
117.26,-158.55,0.19102,150.43,134.99,98.797,84.601,0.66012,171.68,170.38,0.12686
118.49,-159.33,0.19109,151.65,136.95,98.743,84.57,0.65985,171.69,170.34,0.12668
119.67,-159.69,0.19103,152.83,138.84,98.682,84.536,0.65951,171.7,170.3,0.12648
120.79,-159.73,0.19085,153.96,140.67,98.617,84.5,0.65913,171.71,170.25,0.12625
121.86,-159.54,0.19057,155.05,142.45,98.548,84.463,0.65874,171.73,170.19,0.12601
122.88,-159.18,0.1902,156.08,144.18,98.478,84.425,0.65834,171.76,170.14,0.12574
123.84,-158.74,0.18976,157.07,145.88,98.409,84.388,0.65796,171.8,170.08,0.12546
124.75,-158.25,0.18925,158,147.56,98.341,84.352,0.6576,171.86,170.04,0.12516
125.61,-157.78,0.18871,158.87,149.21,98.275,84.317,0.65727,171.94,170.01,0.12483
126.41,-157.35,0.18814,159.68,150.85,98.213,84.283,0.65698,172.03,169.99,0.12449
127.16,-157,0.18756,160.43,152.47,98.155,84.252,0.65673,172.15,169.99,0.12414
127.85,-156.73,0.18699,161.12,154.06,98.103,84.222,0.65652,172.3,170,0.12376
128.5,-156.57,0.18643,161.75,155.63,98.056,84.194,0.65634,172.47,170.03,0.12338
129.1,-156.51,0.18591,162.32,157.17,98.016,84.169,0.6562,172.66,170.08,0.12299
129.66,-156.54,0.18543,162.85,158.67,97.983,84.147,0.65609,172.88,170.14,0.12259
130.18,-156.68,0.18501,163.34,160.11,97.957,84.126,0.65601,173.11,170.21,0.12219
130.67,-156.91,0.18464,163.79,161.5,97.938,84.109,0.65594,173.35,170.28,0.12179
131.14,-157.21,0.18434,164.21,162.82,97.925,84.094,0.65588,173.6,170.36,0.1214
131.58,-157.58,0.1841,164.62,164.06,97.92,84.081,0.65583,173.85,170.44,0.12102
132.02,-158,0.18392,165.01,165.22,97.92,84.071,0.65577,174.1,170.51,0.12065
132.44,-158.46,0.18379,165.39,166.3,97.926,84.063,0.65571,174.34,170.57,0.1203
132.85,-158.95,0.1837,165.76,167.29,97.937,84.057,0.65563,174.56,170.61,0.11997
133.26,-159.46,0.18365,166.14,168.18,97.951,84.053,0.65554,174.76,170.64,0.11967
133.67,-159.97,0.18362,166.51,168.98,97.969,84.05,0.65542,174.94,170.65,0.11938
134.08,-160.48,0.1836,166.88,169.69,97.99,84.049,0.65527,175.1,170.65,0.11912
134.47,-160.97,0.18357,167.25,170.31,98.011,84.048,0.6551,175.23,170.62,0.11888
134.87,-161.44,0.18353,167.61,170.85,98.032,84.047,0.65489,175.33,170.58,0.11867
135.25,-161.88,0.18347,167.97,171.3,98.052,84.047,0.65467,175.41,170.52,0.11847
135.63,-162.29,0.18337,168.31,171.67,98.069,84.045,0.65442,175.46,170.44,0.11828
135.99,-162.66,0.18325,168.63,171.97,98.083,84.042,0.65415,175.48,170.35,0.11812
136.33,-162.98,0.18309,168.93,172.21,98.092,84.037,0.65387,175.48,170.26,0.11796
136.65,-163.26,0.18289,169.21,172.39,98.096,84.03,0.65358,175.46,170.16,0.11782
136.95,-163.49,0.18266,169.47,172.52,98.092,84.019,0.65328,175.42,170.06,0.11769
137.22,-163.68,0.1824,169.7,172.6,98.082,84.006,0.65299,175.36,169.96,0.11756
137.45,-163.81,0.18211,169.9,172.65,98.063,83.989,0.65269,175.29,169.86,0.11745
137.65,-163.9,0.18179,170.08,172.67,98.036,83.968,0.6524,175.21,169.77,0.11734
137.82,-163.94,0.18145,170.23,172.67,98.001,83.945,0.65212,175.13,169.68,0.11724
137.95,-163.94,0.1811,170.35,172.65,97.959,83.918,0.65185,175.04,169.6,0.11715
138.04,-163.9,0.18074,170.45,172.61,97.908,83.89,0.65159,174.95,169.53,0.11708
138.09,-163.82,0.18037,170.52,172.57,97.852,83.86,0.65134,174.87,169.47,0.11701
138.1,-163.7,0.17999,170.58,172.52,97.791,83.829,0.6511,174.8,169.42,0.11695
138.08,-163.56,0.17962,170.62,172.47,97.725,83.799,0.65087,174.73,169.37,0.11691
138.02,-163.39,0.17926,170.65,172.41,97.658,83.769,0.65066,174.68,169.34,0.11689
137.93,-163.19,0.17891,170.66,172.35,97.589,83.741,0.65045,174.64,169.32,0.11688
137.8,-162.98,0.17859,170.66,172.29,97.521,83.715,0.65025,174.61,169.31,0.11688
137.66,-162.74,0.17829,170.66,172.23,97.454,83.691,0.65007,174.6,169.31,0.1169
137.49,-162.5,0.17802,170.64,172.17,97.389,83.67,0.64989,174.6,169.32,0.11693
137.3,-162.25,0.1778,170.63,172.1,97.327,83.651,0.64973,174.62,169.35,0.11697
137.1,-161.98,0.17762,170.61,172.03,97.268,83.635,0.64957,174.65,169.38,0.11703
136.89,-161.71,0.1775,170.59,171.96,97.213,83.62,0.64943,174.7,169.42,0.11709
136.68,-161.44,0.17744,170.57,171.9,97.162,83.607,0.6493,174.76,169.48,0.11715
136.46,-161.15,0.17743,170.56,171.83,97.116,83.596,0.64919,174.83,169.55,0.11722
136.26,-160.86,0.1775,170.55,171.77,97.074,83.586,0.64908,174.91,169.62,0.11728
136.06,-160.57,0.17762,170.55,171.72,97.037,83.577,0.64899,174.99,169.71,0.11734
135.88,-160.28,0.17781,170.57,171.67,97.005,83.57,0.64892,175.07,169.8,0.1174
135.71,-159.98,0.17806,170.59,171.64,96.977,83.564,0.64885,175.15,169.9,0.11745
135.56,-159.69,0.17837,170.63,171.62,96.955,83.559,0.6488,175.23,170.01,0.11749
135.44,-159.4,0.17874,170.68,171.61,96.938,83.556,0.64876,175.29,170.12,0.11753
135.33,-159.11,0.17916,170.74,171.61,96.925,83.554,0.64873,175.34,170.24,0.11755
135.25,-158.84,0.17962,170.82,171.62,96.917,83.554,0.64871,175.38,170.36,0.11757
135.18,-158.58,0.18011,170.9,171.64,96.914,83.555,0.6487,175.4,170.48,0.11758
135.13,-158.34,0.18062,170.99,171.65,96.914,83.558,0.64871,175.4,170.6,0.11759
135.09,-158.12,0.18114,171.08,171.66,96.917,83.562,0.64872,175.39,170.72,0.11759
135.06,-157.94,0.18166,171.15,171.65,96.924,83.567,0.64876,175.36,170.83,0.11759
135.03,-157.8,0.18217,171.21,171.61,96.932,83.574,0.64881,175.32,170.94,0.1176
134.98,-157.71,0.18264,171.23,171.52,96.943,83.581,0.64889,175.27,171.05,0.11761
134.92,-157.67,0.18308,171.21,171.37,96.955,83.59,0.64899,175.21,171.15,0.11763
134.82,-157.7,0.18347,171.12,171.15,96.969,83.601,0.64914,175.14,171.24,0.11766
134.69,-157.8,0.18381,170.97,170.82,96.984,83.613,0.64932,175.08,171.33,0.1177
134.49,-157.98,0.18408,170.72,170.37,97.001,83.629,0.64954,175.01,171.42,0.11777
134.23,-158.24,0.18428,170.36,169.78,97.021,83.647,0.6498,174.95,171.49,0.11786
133.88,-158.59,0.18441,169.87,169.03,97.044,83.67,0.65011,174.9,171.56,0.11797
133.45,-159.02,0.18448,169.25,168.11,97.07,83.697,0.65046,174.86,171.63,0.11811
132.9,-159.53,0.18448,168.47,166.99,97.1,83.729,0.65085,174.82,171.68,0.11829
132.24,-160.1,0.18443,167.52,165.66,97.135,83.766,0.65127,174.8,171.72,0.1185
131.44,-160.72,0.18432,166.39,164.11,97.175,83.809,0.65172,174.79,171.76,0.11874
130.52,-161.36,0.18419,165.08,162.33,97.221,83.856,0.65217,174.79,171.78,0.11902
129.45,-161.98,0.18403,163.58,160.33,97.271,83.909,0.65263,174.81,171.78,0.11934
128.23,-162.55,0.18387,161.88,158.11,97.326,83.965,0.65306,174.83,171.78,0.11969
126.86,-163.02,0.18372,160,155.68,97.386,84.023,0.65345,174.87,171.75,0.12007
125.34,-163.33,0.18359,157.93,153.04,97.449,84.084,0.65378,174.91,171.71,0.12049
123.66,-163.41,0.18349,155.7,150.22,97.514,84.144,0.65403,174.96,171.66,0.12092
121.82,-163.18,0.18345,153.3,147.24,97.58,84.203,0.65418,175.02,171.59,0.12138
119.83,-162.57,0.18345,150.77,144.13,97.646,84.259,0.6542,175.08,171.51,0.12186
117.68,-161.49,0.18352,148.11,140.92,97.711,84.31,0.65408,175.13,171.42,0.12235
115.37,-159.86,0.18365,145.37,137.65,97.774,84.356,0.65381,175.18,171.32,0.12284
112.92,-157.58,0.18383,142.55,134.37,97.834,84.396,0.65338,175.23,171.22,0.12332
110.32,-154.57,0.18406,139.7,131.11,97.89,84.429,0.65278,175.26,171.11,0.1238
107.58,-150.75,0.18434,136.85,127.92,97.941,84.455,0.65203,175.27,171.01,0.12427
104.7,-146.07,0.18464,134.04,124.86,97.988,84.472,0.65112,175.27,170.92,0.12472
101.69,-140.46,0.18496,131.29,121.98,98.031,84.483,0.65009,175.25,170.83,0.12514
98.558,-133.9,0.18528,128.66,119.33,98.069,84.485,0.64897,175.21,170.76,0.12555
95.308,-126.39,0.18559,126.18,116.96,98.102,84.481,0.64777,175.16,170.69,0.12593
91.951,-117.97,0.18588,123.88,114.9,98.131,84.471,0.64656,175.08,170.64,0.12629
88.495,-108.7,0.18613,121.8,113.21,98.156,84.456,0.64536,174.98,170.6,0.12664
84.952,-98.707,0.18633,119.97,111.9,98.178,84.436,0.64423,174.87,170.56,0.12696
81.334,-88.123,0.18648,118.43,111,98.196,84.413,0.64322,174.74,170.53,0.12726
77.655,-77.133,0.18657,117.2,110.52,98.212,84.388,0.64235,174.6,170.51,0.12754
73.93,-65.949,0.1866,116.3,110.45,98.225,84.363,0.64168,174.45,170.48,0.12781
70.175,-54.803,0.18657,115.75,110.8,98.237,84.337,0.64122,174.3,170.45,0.12806
66.406,-43.938,0.18649,115.56,111.53,98.247,84.314,0.64098,174.14,170.42,0.12829
62.642,-33.594,0.18635,115.74,112.6,98.256,84.292,0.64096,173.99,170.37,0.1285
58.903,-23.996,0.18618,116.28,113.98,98.263,84.274,0.64115,173.84,170.32,0.12869
55.207,-15.332,0.18597,117.15,115.62,98.269,84.258,0.64153,173.69,170.25,0.12887
51.575,-7.7531,0.18574,118.35,117.47,98.273,84.246,0.64206,173.55,170.17,0.12903
48.027,-1.3573,0.1855,119.83,119.46,98.275,84.237,0.64271,173.42,170.07,0.12917
44.581,3.806,0.18526,121.55,121.56,98.275,84.232,0.64345,173.29,169.97,0.12929
41.253,7.7368,0.18503,123.48,123.71,98.273,84.229,0.64423,173.18,169.86,0.1294
38.058,10.479,0.18483,125.57,125.87,98.267,84.228,0.64502,173.07,169.74,0.12949
35.011,12.115,0.18465,127.77,128.01,98.26,84.23,0.64578,172.97,169.62,0.12957
32.121,12.755,0.18451,130.04,130.11,98.25,84.234,0.64647,172.88,169.51,0.12964
29.4,12.532,0.1844,132.33,132.15,98.238,84.241,0.64709,172.79,169.39,0.12969
26.855,11.593,0.18433,134.63,134.13,98.226,84.251,0.64759,172.71,169.28,0.12974
24.495,10.088,0.1843,136.88,136.03,98.214,84.264,0.64797,172.64,169.17,0.12978
22.324,8.1659,0.1843,139.08,137.86,98.205,84.282,0.64822,172.57,169.08,0.12982
20.347,5.9679,0.18435,141.21,139.63,98.199,84.304,0.64833,172.51,169,0.12984
18.564,3.6224,0.18444,143.24,141.34,98.199,84.333,0.6483,172.45,168.92,0.12987
16.972,1.2422,0.18456,145.17,142.99,98.205,84.367,0.64814,172.4,168.87,0.12989
15.566,-1.0781,0.18472,147,144.6,98.219,84.409,0.64787,172.35,168.82,0.1299
14.336,-3.2628,0.18491,148.7,146.16,98.241,84.457,0.64748,172.3,168.79,0.12991
13.271,-5.2549,0.18513,150.28,147.68,98.273,84.511,0.64701,172.25,168.77,0.12992
12.357,-7.0156,0.18536,151.73,149.15,98.314,84.571,0.64648,172.19,168.77,0.12993
11.579,-8.5225,0.18561,153.06,150.57,98.363,84.636,0.64589,172.12,168.77,0.12993
10.919,-9.7676,0.18587,154.25,151.93,98.42,84.705,0.64527,172.03,168.79,0.12994
10.363,-10.755,0.18614,155.31,153.23,98.483,84.775,0.64464,171.94,168.81,0.12995
9.8933,-11.5,0.1864,156.25,154.47,98.552,84.847,0.64401,171.82,168.83,0.12995
9.4948,-12.023,0.18667,157.07,155.63,98.625,84.918,0.64339,171.69,168.85,0.12996
9.1534,-12.353,0.18693,157.77,156.72,98.701,84.987,0.64279,171.54,168.87,0.12998
8.8569,-12.518,0.18718,158.37,157.72,98.777,85.053,0.64223,171.39,168.88,0.13
8.5947,-12.551,0.18743,158.86,158.64,98.854,85.115,0.64171,171.22,168.9,0.13002
8.3579,-12.483,0.18768,159.27,159.48,98.929,85.173,0.64123,171.05,168.9,0.13005
8.1399,-12.344,0.18792,159.6,160.23,99.001,85.226,0.6408,170.87,168.9,0.13008
7.9354,-12.162,0.18814,159.86,160.89,99.071,85.273,0.64042,170.71,168.88,0.13012
7.7407,-11.96,0.18834,160.05,161.48,99.137,85.316,0.6401,170.55,168.87,0.13016
7.5533,-11.76,0.18852,160.2,161.99,99.2,85.354,0.63984,170.41,168.84,0.13021
7.3718,-11.579,0.18867,160.31,162.43,99.258,85.387,0.63964,170.3,168.81,0.13026
7.1953,-11.428,0.18877,160.39,162.81,99.313,85.416,0.63949,170.21,168.77,0.13031
7.0234,-11.317,0.18883,160.45,163.13,99.363,85.442,0.6394,170.15,168.73,0.13037
6.8557,-11.251,0.18883,160.49,163.4,99.41,85.465,0.63937,170.12,168.68,0.13043
6.6922,-11.231,0.18878,160.51,163.63,99.454,85.485,0.63938,170.12,168.64,0.13049
6.5325,-11.258,0.18868,160.54,163.83,99.494,85.503,0.63944,170.15,168.59,0.13055
6.3763,-11.328,0.18853,160.56,164,99.533,85.52,0.63955,170.2,168.55,0.13061
6.2231,-11.436,0.18833,160.58,164.16,99.569,85.537,0.63968,170.27,168.52,0.13066
6.0726,-11.576,0.18809,160.6,164.3,99.603,85.553,0.63985,170.36,168.5,0.13072
5.9245,-11.74,0.18781,160.63,164.43,99.636,85.569,0.64003,170.45,168.48,0.13077
5.7792,-11.922,0.18749,160.66,164.56,99.667,85.586,0.64022,170.54,168.48,0.13082
5.6375,-12.113,0.18713,160.7,164.69,99.698,85.603,0.64042,170.62,168.48,0.13086
5.5013,-12.306,0.18674,160.73,164.81,99.728,85.621,0.64061,170.7,168.48,0.1309
5.3738,-12.496,0.18632,160.76,164.92,99.756,85.64,0.64079,170.76,168.5,0.13094
5.2596,-12.675,0.18586,160.77,165.01,99.784,85.66,0.64096,170.81,168.51,0.13098
5.165,-12.839,0.18538,160.77,165.08,99.811,85.681,0.64111,170.83,168.52,0.13101
5.0985,-12.983,0.18489,160.75,165.11,99.838,85.703,0.64124,170.84,168.53,0.13104
5.0702,-13.104,0.18439,160.7,165.09,99.863,85.725,0.64136,170.83,168.54,0.13106
5.0926,-13.2,0.1839,160.6,165,99.887,85.748,0.64146,170.8,168.53,0.13109
5.1798,-13.269,0.18344,160.45,164.83,99.909,85.771,0.64155,170.75,168.52,0.13111
5.3479,-13.31,0.18302,160.24,164.54,99.93,85.793,0.64162,170.68,168.49,0.13113
5.6143,-13.322,0.18267,159.96,164.13,99.948,85.814,0.64169,170.6,168.45,0.13115
5.9977,-13.305,0.18241,159.59,163.57,99.964,85.833,0.64174,170.5,168.4,0.13116
6.5169,-13.259,0.18224,159.13,162.84,99.977,85.849,0.64179,170.4,168.33,0.13117
7.1913,-13.185,0.1822,158.56,161.92,99.986,85.862,0.64184,170.28,168.26,0.13117
8.0393,-13.083,0.18227,157.89,160.8,99.991,85.872,0.64188,170.16,168.18,0.13117
9.078,-12.951,0.18248,157.1,159.46,99.992,85.877,0.64192,170.03,168.09,0.13115
10.323,-12.789,0.18281,156.19,157.9,99.989,85.877,0.64195,169.91,168.01,0.13113
11.787,-12.595,0.18325,155.16,156.11,99.981,85.873,0.64199,169.79,167.93,0.1311
13.479,-12.363,0.1838,154.01,154.1,99.969,85.864,0.64203,169.67,167.87,0.13105
15.407,-12.089,0.18443,152.75,151.87,99.953,85.851,0.64207,169.57,167.82,0.13099
17.572,-11.763,0.18513,151.4,149.44,99.933,85.833,0.64212,169.48,167.78,0.13092
19.974,-11.375,0.18588,149.95,146.83,99.91,85.811,0.6422,169.42,167.77,0.13083
22.607,-10.909,0.18663,148.44,144.06,99.884,85.787,0.6423,169.38,167.78,0.13072
25.463,-10.347,0.18738,146.87,141.17,99.856,85.76,0.64243,169.37,167.82,0.13061
28.528,-9.6639,0.1881,145.28,138.18,99.827,85.732,0.64261,169.39,167.88,0.13048
31.788,-8.833,0.18876,143.68,135.14,99.797,85.704,0.64284,169.45,167.96,0.13034
35.224,-7.8205,0.18934,142.11,132.07,99.767,85.676,0.64313,169.55,168.06,0.1302
38.816,-6.5876,0.18983,140.59,129.03,99.738,85.651,0.64348,169.68,168.17,0.13005
42.543,-5.09,0.19021,139.14,126.05,99.71,85.628,0.6439,169.85,168.3,0.1299
46.383,-3.2781,0.19048,137.81,123.18,99.685,85.608,0.64437,170.04,168.43,0.12976
50.313,-1.0967,0.19064,136.6,120.46,99.663,85.592,0.6449,170.25,168.57,0.12962
54.31,1.513,0.19069,135.55,117.95,99.645,85.581,0.64547,170.47,168.71,0.1295
58.349,4.612,0.19064,134.66,115.68,99.631,85.575,0.64609,170.7,168.85,0.12939
62.406,8.2595,0.1905,133.94,113.72,99.621,85.574,0.64673,170.92,168.98,0.1293
66.458,12.509,0.19029,133.41,112.1,99.616,85.577,0.64739,171.13,169.11,0.12923
70.48,17.401,0.19002,133.07,110.87,99.614,85.584,0.64805,171.33,169.24,0.12918
74.45,22.963,0.1897,132.92,110.06,99.615,85.594,0.6487,171.5,169.36,0.12916
78.347,29.199,0.18935,132.96,109.69,99.618,85.606,0.64934,171.66,169.48,0.12916
82.149,36.088,0.18897,133.2,109.8,99.622,85.619,0.64995,171.79,169.6,0.12919
85.838,43.583,0.18859,133.64,110.37,99.625,85.631,0.65052,171.9,169.71,0.12923
89.397,51.607,0.18821,134.27,111.4,99.625,85.641,0.65105,171.99,169.82,0.12929
92.807,60.057,0.18785,135.11,112.88,99.622,85.648,0.65151,172.06,169.92,0.12936
96.055,68.802,0.18751,136.13,114.78,99.614,85.65,0.65192,172.12,170.03,0.12942
99.129,77.694,0.18719,137.33,117.05,99.601,85.649,0.65225,172.16,170.13,0.12949
102.02,86.575,0.18692,138.69,119.67,99.58,85.641,0.65251,172.2,170.24,0.12953
104.73,95.283,0.18669,140.21,122.57,99.553,85.629,0.65269,172.25,170.35,0.12956
107.24,103.67,0.1865,141.86,125.69,99.518,85.61,0.65279,172.29,170.45,0.12955
109.57,111.6,0.18636,143.62,128.98,99.475,85.586,0.65282,172.34,170.57,0.12951
111.72,118.96,0.18626,145.47,132.38,99.425,85.556,0.65278,172.39,170.68,0.12942
113.7,125.68,0.18621,147.38,135.83,99.369,85.521,0.65268,172.45,170.8,0.12928
115.51,131.69,0.1862,149.33,139.27,99.307,85.483,0.65253,172.53,170.93,0.12909
117.16,136.97,0.18623,151.28,142.66,99.239,85.44,0.65235,172.61,171.06,0.12885
118.66,141.51,0.18628,153.22,145.94,99.168,85.395,0.65215,172.69,171.2,0.12855
120.03,145.34,0.18636,155.12,149.09,99.095,85.348,0.65194,172.79,171.34,0.12821
121.27,148.47,0.18644,156.95,152.07,99.02,85.299,0.65173,172.88,171.48,0.12782
122.4,150.98,0.18653,158.69,154.86,98.944,85.25,0.65155,172.97,171.62,0.12739
123.42,152.91,0.18662,160.34,157.46,98.869,85.2,0.65138,173.06,171.76,0.12692
124.34,154.34,0.18669,161.86,159.83,98.795,85.151,0.65125,173.14,171.88,0.12643
125.18,155.34,0.18675,163.27,162,98.724,85.102,0.65115,173.22,171.98,0.12592
125.93,155.97,0.18679,164.55,163.94,98.654,85.053,0.65108,173.28,172.05,0.12539
126.61,156.32,0.18681,165.7,165.68,98.587,85.005,0.65104,173.33,172.1,0.12486
127.21,156.44,0.1868,166.72,167.21,98.523,84.957,0.65103,173.37,172.11,0.12433
127.76,156.39,0.18678,167.62,168.54,98.462,84.91,0.65103,173.4,172.09,0.12381
128.25,156.24,0.18674,168.4,169.69,98.405,84.864,0.65105,173.42,172.04,0.12331
128.68,156.02,0.18667,169.07,170.66,98.351,84.819,0.65108,173.44,171.94,0.12283
129.07,155.77,0.1866,169.63,171.48,98.301,84.775,0.65111,173.45,171.82,0.12237
129.42,155.53,0.18651,170.1,172.14,98.255,84.732,0.65114,173.45,171.66,0.12194
129.72,155.31,0.1864,170.48,172.68,98.213,84.692,0.65117,173.46,171.48,0.12155
130,155.13,0.18629,170.8,173.1,98.176,84.653,0.6512,173.46,171.28,0.12119
130.25,155,0.18616,171.04,173.41,98.144,84.617,0.65122,173.45,171.06,0.12086
130.47,154.93,0.18602,171.23,173.64,98.118,84.585,0.65124,173.45,170.84,0.12056
130.67,154.92,0.18586,171.38,173.79,98.097,84.556,0.65125,173.45,170.61,0.1203
130.86,154.96,0.18569,171.48,173.88,98.081,84.531,0.65124,173.45,170.38,0.12007
131.04,155.04,0.18548,171.56,173.93,98.071,84.51,0.65123,173.45,170.15,0.11987
131.21,155.16,0.18525,171.61,173.95,98.066,84.494,0.65121,173.45,169.94,0.11969
131.37,155.31,0.18499,171.64,173.95,98.066,84.482,0.65118,173.46,169.73,0.11954
131.52,155.48,0.1847,171.67,173.94,98.071,84.474,0.65114,173.47,169.53,0.11941
131.67,155.65,0.18438,171.69,173.94,98.08,84.471,0.65108,173.48,169.36,0.1193
131.82,155.81,0.18403,171.71,173.95,98.091,84.471,0.65102,173.5,169.2,0.1192
131.97,155.96,0.18366,171.75,173.98,98.105,84.475,0.65094,173.52,169.06,0.11912
132.12,156.1,0.18327,171.79,174.05,98.121,84.481,0.65085,173.54,168.95,0.11905
132.27,156.2,0.18287,171.85,174.14,98.137,84.489,0.65076,173.57,168.86,0.11899
132.41,156.28,0.18249,171.93,174.27,98.152,84.499,0.65066,173.59,168.79,0.11893
132.55,156.33,0.18212,172.03,174.44,98.166,84.509,0.65056,173.62,168.76,0.11887
132.69,156.35,0.18177,172.15,174.64,98.177,84.519,0.65046,173.64,168.75,0.11882
132.82,156.35,0.18146,172.28,174.87,98.185,84.529,0.65036,173.66,168.76,0.11877
132.94,156.33,0.18118,172.42,175.12,98.188,84.537,0.65027,173.67,168.81,0.11871
133.06,156.31,0.18095,172.57,175.37,98.187,84.543,0.6502,173.67,168.87,0.11866
133.16,156.28,0.18076,172.71,175.62,98.182,84.548,0.65015,173.67,168.96,0.11861
133.25,156.28,0.18061,172.84,175.85,98.17,84.55,0.65013,173.65,169.07,0.11856
133.31,156.29,0.1805,172.93,176.03,98.154,84.551,0.65014,173.62,169.2,0.11852
133.35,156.36,0.18041,172.98,176.14,98.133,84.549,0.65019,173.59,169.34,0.11848
133.36,156.47,0.18035,172.96,176.15,98.108,84.547,0.65028,173.55,169.48,0.11845
133.32,156.66,0.1803,172.86,176.04,98.079,84.543,0.65042,173.51,169.64,0.11844
133.24,156.92,0.18025,172.65,175.77,98.048,84.54,0.65061,173.46,169.79,0.11845
133.1,157.27,0.18021,172.32,175.32,98.015,84.537,0.65086,173.42,169.94,0.11848
132.89,157.72,0.18017,171.82,174.65,97.982,84.535,0.65115,173.39,170.09,0.11854
132.61,158.25,0.18012,171.15,173.72,97.949,84.535,0.65149,173.36,170.22,0.11863
132.23,158.86,0.18008,170.28,172.52,97.918,84.537,0.65187,173.33,170.34,0.11876
131.76,159.55,0.18003,169.18,171.02,97.889,84.542,0.65228,173.32,170.45,0.11892
131.16,160.28,0.17998,167.85,169.2,97.863,84.549,0.6527,173.32,170.54,0.11913
130.44,161.02,0.17995,166.25,167.04,97.841,84.558,0.65313,173.33,170.62,0.11938
129.58,161.75,0.17992,164.39,164.53,97.822,84.569,0.65354,173.35,170.68,0.11968
128.56,162.4,0.17991,162.25,161.68,97.808,84.582,0.65391,173.37,170.72,0.12002
127.36,162.92,0.17993,159.85,158.5,97.799,84.597,0.65422,173.4,170.74,0.1204
125.99,163.24,0.17997,157.19,155,97.795,84.613,0.65445,173.43,170.75,0.12081
124.42,163.29,0.18005,154.3,151.22,97.797,84.63,0.65459,173.47,170.74,0.12126
122.64,162.98,0.18016,151.19,147.19,97.805,84.648,0.65461,173.5,170.72,0.12174
120.65,162.23,0.18033,147.92,142.96,97.821,84.668,0.6545,173.52,170.68,0.12225
118.44,160.95,0.18054,144.51,138.6,97.844,84.689,0.65426,173.54,170.63,0.12276
116,159.04,0.1808,141.02,134.16,97.876,84.711,0.65387,173.54,170.56,0.12329
113.33,156.42,0.18112,137.51,129.73,97.917,84.736,0.65334,173.54,170.49,0.12382
110.43,153.01,0.18148,134.02,125.39,97.966,84.763,0.65269,173.52,170.4,0.12435
107.31,148.76,0.18189,130.61,121.22,98.025,84.792,0.65192,173.49,170.3,0.12486
103.96,143.61,0.18234,127.35,117.32,98.092,84.823,0.65108,173.45,170.2,0.12536
100.4,137.54,0.1828,124.3,113.78,98.166,84.856,0.65018,173.39,170.09,0.12584
96.638,130.57,0.18328,121.51,110.66,98.246,84.889,0.64927,173.31,169.97,0.1263
92.701,122.74,0.18375,119.04,108.06,98.33,84.921,0.64839,173.22,169.84,0.12673
88.609,114.13,0.1842,116.95,106.01,98.414,84.952,0.64759,173.12,169.72,0.12713
84.391,104.87,0.18462,115.27,104.58,98.498,84.98,0.64689,173.02,169.59,0.12751
80.076,95.09,0.185,114.05,103.76,98.577,85.003,0.64634,172.91,169.46,0.12786
75.7,84.985,0.18532,113.31,103.58,98.648,85.019,0.64595,172.8,169.34,0.12819
71.298,74.746,0.18559,113.06,104.01,98.709,85.028,0.64573,172.69,169.23,0.12849
66.908,64.57,0.1858,113.32,105.01,98.757,85.027,0.64569,172.59,169.13,0.12876
62.564,54.644,0.18595,114.05,106.53,98.79,85.016,0.6458,172.5,169.05,0.12901
58.301,45.135,0.18604,115.24,108.51,98.806,84.994,0.64605,172.43,168.98,0.12924
54.149,36.184,0.18608,116.85,110.88,98.805,84.962,0.64643,172.37,168.94,0.12944
50.136,27.902,0.18607,118.82,113.54,98.786,84.92,0.64689,172.32,168.92,0.12963
46.283,20.371,0.18603,121.1,116.44,98.749,84.869,0.6474,172.27,168.92,0.12979
42.608,13.645,0.18595,123.61,119.5,98.697,84.81,0.64793,172.23,168.93,0.12993
39.125,7.7511,0.18584,126.31,122.64,98.631,84.744,0.64845,172.19,168.96,0.13006
35.843,2.6907,0.18572,129.12,125.81,98.552,84.673,0.64891,172.15,168.99,0.13017
32.768,-1.5545,0.18559,131.98,128.96,98.464,84.6,0.64931,172.1,169.02,0.13027
29.904,-5.0216,0.18545,134.85,132.05,98.37,84.527,0.6496,172.04,169.05,0.13036
27.253,-7.7625,0.18531,137.67,135.04,98.272,84.457,0.64978,171.97,169.07,0.13044
24.815,-9.8413,0.18516,140.41,137.9,98.176,84.39,0.64983,171.89,169.07,0.13051
22.588,-11.331,0.18503,143.05,140.61,98.083,84.331,0.64975,171.8,169.05,0.13057
20.566,-12.308,0.1849,145.54,143.15,97.997,84.28,0.64953,171.7,169.01,0.13063
18.745,-12.854,0.18478,147.89,145.51,97.921,84.239,0.64917,171.6,168.94,0.13067
17.114,-13.046,0.18468,150.07,147.69,97.858,84.21,0.6487,171.49,168.85,0.13071
15.665,-12.96,0.1846,152.08,149.67,97.809,84.192,0.64811,171.38,168.73,0.13073
14.386,-12.667,0.18454,153.92,151.47,97.776,84.187,0.64742,171.28,168.59,0.13075
13.265,-12.23,0.1845,155.58,153.08,97.757,84.194,0.64666,171.18,168.43,0.13075
12.288,-11.704,0.18447,157.06,154.51,97.754,84.212,0.64584,171.09,168.26,0.13075
11.442,-11.135,0.18446,158.38,155.78,97.765,84.239,0.64498,171.01,168.08,0.13074
10.713,-10.562,0.18445,159.53,156.89,97.789,84.275,0.6441,170.95,167.89,0.13072
10.087,-10.014,0.18444,160.54,157.86,97.825,84.317,0.64322,170.9,167.71,0.13069
9.5515,-9.5123,0.18442,161.41,158.71,97.869,84.363,0.64236,170.88,167.53,0.13066
9.0933,-9.0717,0.18438,162.16,159.45,97.921,84.414,0.64153,170.87,167.35,0.13062
8.7002,-8.6995,0.18432,162.81,160.11,97.979,84.465,0.64075,170.89,167.2,0.13059
8.361,-8.3983,0.18422,163.36,160.68,98.04,84.518,0.64002,170.92,167.06,0.13055
8.0653,-8.166,0.18409,163.83,161.2,98.103,84.569,0.63936,170.97,166.95,0.13051
7.8037,-7.9979,0.18392,164.23,161.67,98.166,84.618,0.63877,171.05,166.86,0.13047
7.5678,-7.8869,0.18371,164.59,162.11,98.229,84.665,0.63826,171.14,166.8,0.13044
7.3505,-7.8253,0.18347,164.9,162.51,98.289,84.709,0.63783,171.24,166.77,0.1304
7.1456,-7.8051,0.18322,165.18,162.89,98.347,84.75,0.63747,171.36,166.78,0.13038
6.9481,-7.8193,0.18297,165.42,163.24,98.402,84.787,0.6372,171.48,166.82,0.13035
6.7543,-7.8627,0.18272,165.64,163.57,98.453,84.82,0.637,171.61,166.89,0.13033
6.5617,-7.9317,0.18249,165.82,163.85,98.5,84.85,0.63688,171.74,167,0.13032
6.3694,-8.0256,0.1823,165.96,164.09,98.543,84.877,0.63682,171.87,167.15,0.13032
6.1779,-8.1459,0.18214,166.05,164.26,98.583,84.9,0.63684,172,167.32,0.13032
5.9891,-8.2972,0.18203,166.07,164.34,98.618,84.92,0.63691,172.12,167.52,0.13033
5.8071,-8.4862,0.18195,166.01,164.32,98.65,84.937,0.63705,172.22,167.74,0.13035
5.6377,-8.7221,0.18191,165.84,164.17,98.679,84.952,0.63726,172.32,167.97,0.13038
5.4886,-9.0153,0.1819,165.54,163.86,98.704,84.963,0.63752,172.4,168.2,0.13041
5.37,-9.3776,0.18191,165.1,163.36,98.726,84.972,0.63784,172.47,168.42,0.13045
5.294,-9.8207,0.18192,164.48,162.66,98.745,84.979,0.63822,172.52,168.63,0.13051
5.2748,-10.355,0.18193,163.66,161.72,98.762,84.983,0.63866,172.56,168.81,0.13056
5.3291,-10.99,0.18192,162.63,160.53,98.776,84.985,0.63917,172.58,168.97,0.13063
5.475,-11.731,0.18189,161.37,159.06,98.787,84.983,0.63973,172.59,169.09,0.1307
5.7328,-12.578,0.18182,159.86,157.31,98.796,84.98,0.64036,172.58,169.18,0.13077
6.1237,-13.528,0.18171,158.12,155.27,98.802,84.973,0.64104,172.56,169.23,0.13085
6.6699,-14.568,0.18155,156.13,152.93,98.806,84.964,0.64177,172.52,169.24,0.13093
7.3938,-15.681,0.18135,153.92,150.31,98.808,84.953,0.64254,172.48,169.22,0.131
8.3174,-16.838,0.18111,151.49,147.42,98.807,84.938,0.64334,172.42,169.17,0.13107
9.4616,-18.003,0.18084,148.89,144.29,98.804,84.922,0.64416,172.37,169.1,0.13113
10.846,-19.13,0.18054,146.13,140.94,98.798,84.903,0.645,172.3,169,0.13118
12.486,-20.164,0.18023,143.28,137.41,98.79,84.882,0.64583,172.24,168.89,0.13122
14.396,-21.042,0.17993,140.37,133.75,98.78,84.86,0.64666,172.18,168.78,0.13125
16.584,-21.692,0.17964,137.45,130.01,98.768,84.837,0.64746,172.13,168.67,0.13126
19.057,-22.038,0.17939,134.59,126.21,98.753,84.814,0.64822,172.08,168.56,0.13126
21.814,-21.994,0.1792,131.84,122.43,98.737,84.79,0.64895,172.04,168.47,0.13123
24.85,-21.477,0.17907,129.24,118.71,98.72,84.768,0.64963,172.02,168.41,0.1312
28.157,-20.398,0.17903,126.87,115.09,98.702,84.747,0.65025,172.01,168.37,0.13114
31.722,-18.67,0.17907,124.75,111.64,98.684,84.729,0.65081,172.02,168.37,0.13108
35.526,-16.211,0.1792,122.94,108.4,98.668,84.714,0.65133,172.04,168.4,0.13099
39.549,-12.944,0.17942,121.47,105.43,98.653,84.703,0.65178,172.08,168.46,0.1309
43.766,-8.8051,0.17971,120.37,102.79,98.641,84.697,0.6522,172.13,168.56,0.1308
48.149,-3.744,0.18007,119.66,100.51,98.633,84.696,0.65258,172.2,168.69,0.1307
52.666,2.2672,0.18049,119.34,98.662,98.629,84.701,0.65295,172.29,168.85,0.13059
57.285,9.2298,0.18093,119.41,97.278,98.629,84.712,0.6533,172.39,169.03,0.13049
61.969,17.112,0.18138,119.86,96.399,98.633,84.728,0.65366,172.5,169.23,0.13038
66.683,25.847,0.18183,120.67,96.055,98.64,84.748,0.65403,172.63,169.44,0.13029
71.387,35.327,0.18225,121.82,96.265,98.648,84.771,0.65442,172.77,169.66,0.1302
76.043,45.405,0.18264,123.29,97.037,98.658,84.796,0.65484,172.91,169.88,0.13013
80.613,55.899,0.18296,125.02,98.362,98.666,84.821,0.65528,173.06,170.1,0.13006
85.06,66.601,0.18323,127,100.22,98.671,84.845,0.65574,173.21,170.31,0.13001
89.35,77.29,0.18342,129.17,102.58,98.672,84.866,0.65621,173.36,170.5,0.12997
93.452,87.746,0.18353,131.5,105.4,98.668,84.882,0.65668,173.5,170.68,0.12993
97.341,97.767,0.18356,133.94,108.61,98.658,84.894,0.65713,173.63,170.84,0.1299
101,107.18,0.1835,136.45,112.17,98.641,84.9,0.65756,173.75,170.98,0.12986
104.4,115.85,0.18335,138.98,115.98,98.617,84.9,0.65794,173.85,171.09,0.12981
107.56,123.68,0.18312,141.5,119.99,98.587,84.894,0.65828,173.94,171.17,0.12976
110.45,130.61,0.18282,143.98,124.12,98.55,84.882,0.65856,174.01,171.22,0.12968
113.08,136.61,0.18245,146.36,128.31,98.507,84.864,0.65879,174.06,171.25,0.12958
115.45,141.7,0.18204,148.63,132.47,98.459,84.841,0.65896,174.1,171.25,0.12944
117.59,145.91,0.1816,150.77,136.56,98.406,84.813,0.65908,174.13,171.23,0.12928
119.49,149.3,0.18114,152.75,140.52,98.351,84.781,0.65915,174.14,171.19,0.12907
121.17,151.94,0.1807,154.55,144.31,98.292,84.745,0.65918,174.14,171.14,0.12884
122.65,153.9,0.18028,156.18,147.89,98.23,84.705,0.65917,174.14,171.08,0.12856
123.95,155.29,0.17991,157.62,151.23,98.167,84.662,0.65913,174.13,171.02,0.12825
125.07,156.18,0.1796,158.88,154.32,98.102,84.615,0.65908,174.11,170.95,0.12791
126.04,156.67,0.17936,159.96,157.15,98.036,84.566,0.65901,174.09,170.89,0.12755
126.88,156.85,0.1792,160.87,159.69,97.97,84.515,0.65893,174.08,170.84,0.12716
127.59,156.8,0.17912,161.62,161.97,97.903,84.462,0.65885,174.06,170.79,0.12676
128.2,156.58,0.17914,162.22,163.99,97.837,84.408,0.65876,174.03,170.74,0.12634
128.72,156.26,0.17925,162.69,165.75,97.773,84.353,0.65868,174.01,170.71,0.12592
129.17,155.89,0.17945,163.05,167.28,97.71,84.299,0.65859,173.99,170.68,0.12551
129.55,155.51,0.17974,163.31,168.58,97.651,84.246,0.65851,173.97,170.65,0.1251
129.87,155.16,0.18011,163.48,169.69,97.595,84.195,0.65843,173.94,170.63,0.1247
130.16,154.86,0.18055,163.58,170.61,97.543,84.148,0.65835,173.91,170.61,0.12431
130.41,154.63,0.18104,163.63,171.36,97.497,84.104,0.65828,173.88,170.59,0.12395
130.63,154.48,0.18157,163.63,171.98,97.455,84.065,0.65821,173.85,170.57,0.1236
130.83,154.41,0.18213,163.59,172.46,97.42,84.032,0.65814,173.81,170.55,0.12327
131.02,154.41,0.18268,163.53,172.84,97.39,84.004,0.65807,173.78,170.53,0.12296
131.2,154.49,0.18323,163.46,173.13,97.366,83.982,0.658,173.74,170.5,0.12268
131.37,154.63,0.18374,163.37,173.34,97.347,83.966,0.65792,173.7,170.47,0.12241
131.54,154.82,0.18422,163.28,173.48,97.332,83.955,0.65783,173.66,170.44,0.12217
131.72,155.05,0.18463,163.19,173.58,97.321,83.95,0.65774,173.62,170.4,0.12195
131.89,155.31,0.18499,163.1,173.64,97.313,83.949,0.65763,173.6,170.37,0.12176
132.06,155.57,0.18526,163.02,173.68,97.308,83.953,0.65751,173.57,170.33,0.12159
132.24,155.84,0.18546,162.95,173.71,97.304,83.959,0.65736,173.56,170.3,0.12145
132.42,156.09,0.18557,162.89,173.73,97.3,83.968,0.6572,173.57,170.27,0.12133
132.61,156.32,0.18561,162.86,173.77,97.297,83.979,0.65703,173.58,170.24,0.12124
132.8,156.52,0.18557,162.84,173.82,97.294,83.99,0.65684,173.61,170.21,0.12118
132.99,156.68,0.18547,162.84,173.89,97.29,84.002,0.65663,173.66,170.19,0.12114
133.18,156.8,0.18532,162.87,174,97.285,84.013,0.65642,173.72,170.17,0.12112
133.38,156.87,0.18512,162.92,174.14,97.279,84.024,0.65621,173.79,170.15,0.12113
133.57,156.9,0.18489,163.01,174.32,97.273,84.033,0.656,173.88,170.14,0.12115
133.77,156.88,0.18465,163.13,174.53,97.266,84.041,0.65579,173.97,170.13,0.1212
133.97,156.83,0.1844,163.28,174.79,97.259,84.048,0.6556,174.07,170.12,0.12125
134.17,156.74,0.18415,163.46,175.08,97.253,84.053,0.65542,174.18,170.1,0.12132
134.37,156.63,0.18392,163.68,175.39,97.248,84.057,0.65526,174.3,170.09,0.1214
134.57,156.51,0.1837,163.92,175.72,97.244,84.061,0.65512,174.41,170.07,0.12148
134.76,156.39,0.1835,164.19,176.04,97.241,84.064,0.65501,174.52,170.05,0.12157
134.95,156.29,0.18334,164.47,176.36,97.238,84.066,0.65493,174.63,170.02,0.12166
135.12,156.22,0.18319,164.75,176.63,97.237,84.067,0.65489,174.72,169.99,0.12174
135.28,156.2,0.18308,165.02,176.85,97.236,84.068,0.65487,174.81,169.95,0.12183
135.41,156.25,0.183,165.26,176.98,97.235,84.068,0.6549,174.88,169.92,0.12191
135.51,156.37,0.18293,165.46,176.99,97.233,84.068,0.65496,174.93,169.87,0.12199
135.56,156.59,0.18289,165.59,176.85,97.232,84.067,0.65506,174.96,169.83,0.12207
135.56,156.9,0.18287,165.63,176.53,97.229,84.066,0.6552,174.96,169.79,0.12215
135.48,157.32,0.18286,165.54,176,97.225,84.064,0.65538,174.94,169.76,0.12224
135.32,157.86,0.18287,165.31,175.23,97.22,84.063,0.65558,174.89,169.72,0.12234
135.05,158.49,0.18288,164.91,174.18,97.215,84.062,0.65582,174.8,169.7,0.12245
134.66,159.22,0.18291,164.31,172.83,97.209,84.062,0.65608,174.69,169.68,0.12257
134.13,160.02,0.18295,163.47,171.15,97.204,84.064,0.65635,174.54,169.68,0.12272
133.43,160.87,0.183,162.39,169.14,97.2,84.067,0.65663,174.36,169.69,0.12288
132.55,161.72,0.18306,161.04,166.78,97.199,84.073,0.65692,174.15,169.71,0.12307
131.47,162.52,0.18314,159.41,164.08,97.202,84.083,0.65719,173.93,169.75,0.12329
130.16,163.23,0.18323,157.5,161.05,97.21,84.097,0.65744,173.68,169.8,0.12353
128.63,163.76,0.18333,155.31,157.7,97.224,84.115,0.65764,173.42,169.85,0.1238
126.84,164.05,0.18344,152.84,154.08,97.247,84.138,0.6578,173.15,169.92,0.12409
124.79,164,0.18357,150.13,150.22,97.278,84.167,0.65788,172.89,169.99,0.1244
122.48,163.53,0.18371,147.19,146.19,97.32,84.201,0.65788,172.64,170.06,0.12474
119.9,162.54,0.18387,144.06,142.03,97.372,84.241,0.65779,172.4,170.12,0.12508
117.05,160.94,0.18404,140.79,137.83,97.436,84.286,0.65758,172.19,170.18,0.12544
113.93,158.64,0.18423,137.42,133.65,97.51,84.336,0.65727,172,170.22,0.12581
110.54,155.55,0.18445,134,129.58,97.594,84.39,0.65683,171.85,170.25,0.12617
106.9,151.59,0.18469,130.6,125.7,97.687,84.447,0.65628,171.74,170.27,0.12654
103.02,146.72,0.18496,127.27,122.08,97.787,84.505,0.65563,171.67,170.26,0.12691
98.917,140.9,0.18526,124.08,118.81,97.892,84.564,0.65489,171.64,170.24,0.12727
94.609,134.12,0.18558,121.09,115.94,97.999,84.622,0.65408,171.64,170.2,0.12762
90.122,126.43,0.18591,118.37,113.55,98.107,84.677,0.65322,171.68,170.14,0.12796
85.483,117.87,0.18626,115.97,111.68,98.211,84.728,0.65233,171.75,170.06,0.12829
80.724,108.55,0.18659,113.95,110.35,98.31,84.773,0.65145,171.85,169.96,0.12862
75.879,98.623,0.1869,112.35,109.57,98.401,84.811,0.6506,171.96,169.84,0.12893
70.982,88.244,0.18717,111.22,109.36,98.482,84.841,0.64981,172.09,169.72,0.12922
66.073,77.612,0.18739,110.59,109.68,98.551,84.863,0.64909,172.23,169.58,0.1295
61.191,66.929,0.18754,110.46,110.51,98.606,84.875,0.64847,172.37,169.44,0.12976
56.374,56.4,0.1876,110.85,111.8,98.646,84.878,0.64794,172.51,169.28,0.13
51.663,46.212,0.18757,111.72,113.51,98.672,84.872,0.64753,172.65,169.13,0.13022
47.092,36.533,0.18744,113.05,115.57,98.682,84.857,0.64721,172.78,168.97,0.13043
42.694,27.506,0.18721,114.79,117.93,98.677,84.833,0.64699,172.9,168.82,0.13061
38.497,19.243,0.18689,116.88,120.52,98.658,84.801,0.64684,172.99,168.66,0.13077
34.523,11.824,0.18648,119.27,123.29,98.626,84.762,0.64674,173.07,168.51,0.13091
30.793,5.2996,0.18599,121.89,126.17,98.583,84.718,0.64667,173.12,168.36,0.13104
27.321,-0.31016,0.18544,124.68,129.13,98.529,84.668,0.6466,173.14,168.22,0.13114
24.115,-5.0136,0.18483,127.56,132.1,98.468,84.616,0.64653,173.14,168.09,0.13123
21.183,-8.844,0.18419,130.5,135.06,98.402,84.561,0.64643,173.12,167.96,0.13131
18.525,-11.856,0.18354,133.43,137.95,98.332,84.507,0.64629,173.06,167.84,0.13137
16.136,-14.121,0.18288,136.31,140.75,98.262,84.455,0.64611,172.99,167.73,0.13143
14.009,-15.722,0.18225,139.1,143.42,98.194,84.406,0.64589,172.9,167.63,0.13147
12.132,-16.75,0.18166,141.75,145.94,98.131,84.362,0.64564,172.79,167.54,0.1315
10.489,-17.301,0.18113,144.23,148.29,98.073,84.324,0.64536,172.66,167.47,0.13153
9.0643,-17.468,0.18067,146.52,150.45,98.023,84.292,0.64507,172.53,167.41,0.13155
7.8391,-17.341,0.18032,148.6,152.41,97.981,84.268,0.64478,172.4,167.36,0.13156
6.7948,-17.003,0.18006,150.45,154.14,97.949,84.251,0.64451,172.27,167.34,0.13158
5.9134,-16.53,0.17992,152.07,155.65,97.925,84.24,0.64428,172.15,167.33,0.13159
5.1777,-15.984,0.17989,153.43,156.93,97.91,84.236,0.64409,172.03,167.34,0.1316
4.5723,-15.417,0.17997,154.55,157.95,97.902,84.237,0.64397,171.92,167.37,0.13161
4.0842,-14.872,0.18015,155.41,158.72,97.902,84.243,0.64391,171.83,167.41,0.13162
3.7028,-14.377,0.18042,156.02,159.22,97.908,84.252,0.64392,171.75,167.47,0.13163
3.4208,-13.949,0.18077,156.37,159.44,97.918,84.264,0.64401,171.68,167.54,0.13164
3.2339,-13.595,0.18117,156.48,159.38,97.932,84.277,0.64416,171.63,167.62,0.13165
3.1414,-13.313,0.18159,156.33,159.02,97.95,84.29,0.64437,171.6,167.7,0.13166
3.1456,-13.094,0.18203,155.94,158.35,97.969,84.304,0.64463,171.58,167.78,0.13167
3.2524,-12.919,0.18246,155.31,157.37,97.989,84.316,0.64494,171.58,167.87,0.13168
3.4708,-12.768,0.18286,154.45,156.06,98.01,84.327,0.64527,171.59,167.94,0.13168
3.8124,-12.616,0.1832,153.36,154.44,98.032,84.337,0.64563,171.61,168.01,0.13168
4.2912,-12.438,0.18349,152.06,152.48,98.055,84.346,0.64599,171.65,168.07,0.13168
4.9232,-12.208,0.1837,150.56,150.22,98.078,84.354,0.64635,171.69,168.11,0.13167
5.7257,-11.905,0.18384,148.88,147.65,98.102,84.361,0.64668,171.75,168.13,0.13164
6.7165,-11.514,0.18389,147.04,144.81,98.127,84.369,0.64699,171.83,168.14,0.13161
7.9135,-11.024,0.18386,145.06,141.71,98.154,84.377,0.64726,171.91,168.13,0.13157
9.3335,-10.436,0.18376,142.97,138.4,98.183,84.387,0.64748,172,168.12,0.13152
10.992,-9.762,0.18359,140.8,134.92,98.214,84.398,0.64765,172.1,168.09,0.13145
12.901,-9.0269,0.18337,138.6,131.31,98.246,84.412,0.64775,172.22,168.06,0.13137
15.072,-8.2694,0.1831,136.38,127.63,98.28,84.428,0.64779,172.34,168.03,0.13128
17.511,-7.5433,0.18281,134.2,123.94,98.316,84.447,0.64777,172.47,168.01,0.13117
20.219,-6.9173,0.18251,132.09,120.3,98.353,84.469,0.64769,172.6,168,0.13105
23.195,-6.4738,0.18222,130.09,116.76,98.39,84.494,0.64756,172.74,168.01,0.13093
26.433,-6.3071,0.18195,128.24,113.39,98.426,84.521,0.64739,172.88,168.03,0.13079
29.924,-6.5199,0.18173,126.57,110.25,98.462,84.55,0.64719,173.02,168.08,0.13066
33.652,-7.2194,0.18156,125.12,107.4,98.497,84.581,0.647,173.15,168.16,0.13052
37.601,-8.5117,0.18146,123.93,104.89,98.53,84.613,0.64682,173.29,168.26,0.13038
41.748,-10.496,0.18144,123,102.78,98.562,84.646,0.64669,173.41,168.38,0.13025
46.067,-13.26,0.18149,122.37,101.11,98.59,84.678,0.64664,173.53,168.53,0.13013
50.528,-16.872,0.18161,122.03,99.915,98.616,84.71,0.64669,173.64,168.71,0.13002
55.098,-21.378,0.1818,122,99.231,98.638,84.741,0.64688,173.74,168.9,0.12992
59.742,-26.793,0.18203,122.26,99.077,98.656,84.769,0.64722,173.83,169.11,0.12985
64.422,-33.102,0.18229,122.81,99.458,98.67,84.794,0.64773,173.91,169.33,0.12979
69.097,-40.255,0.18258,123.62,100.37,98.677,84.815,0.64841,173.98,169.55,0.12976
73.73,-48.162,0.18287,124.68,101.8,98.677,84.831,0.64925,174.03,169.77,0.12974
78.28,-56.699,0.18315,125.96,103.72,98.67,84.841,0.65023,174.08,169.99,0.12975
82.712,-65.707,0.18341,127.43,106.08,98.655,84.845,0.65132,174.13,170.2,0.12977
86.991,-75.001,0.18365,129.05,108.85,98.632,84.843,0.65249,174.16,170.4,0.1298
91.087,-84.382,0.18386,130.81,111.95,98.601,84.834,0.65369,174.19,170.59,0.12984
94.975,-93.654,0.18402,132.66,115.34,98.562,84.819,0.65489,174.22,170.76,0.12988
98.636,-102.63,0.18415,134.57,118.93,98.517,84.798,0.65606,174.25,170.91,0.12991
102.06,-111.16,0.18423,136.5,122.67,98.465,84.773,0.65716,174.27,171.04,0.12993
105.23,-119.11,0.18426,138.42,126.47,98.409,84.743,0.65817,174.29,171.15,0.12992
108.15,-126.38,0.18426,140.31,130.28,98.348,84.71,0.65908,174.31,171.24,0.1299
110.83,-132.92,0.18421,142.13,134.02,98.285,84.674,0.65987,174.33,171.31,0.12984
113.26,-138.68,0.18411,143.87,137.65,98.22,84.636,0.66054,174.35,171.36,0.12976
115.47,-143.66,0.18398,145.5,141.11,98.153,84.595,0.66109,174.38,171.4,0.12964
117.46,-147.89,0.18382,147.01,144.36,98.086,84.553,0.66153,174.4,171.41,0.12948
119.24,-151.39,0.18362,148.4,147.37,98.02,84.508,0.66186,174.43,171.4,0.1293
120.83,-154.21,0.18339,149.64,150.13,97.953,84.462,0.6621,174.46,171.38,0.12908
122.25,-156.42,0.18314,150.74,152.62,97.887,84.414,0.66224,174.49,171.33,0.12883
123.51,-158.08,0.18287,151.71,154.83,97.822,84.364,0.66231,174.53,171.27,0.12857
124.62,-159.26,0.18258,152.54,156.79,97.758,84.311,0.66231,174.57,171.19,0.12828
125.61,-160.03,0.1823,153.24,158.48,97.695,84.258,0.66225,174.61,171.1,0.12799
126.47,-160.45,0.18202,153.82,159.95,97.634,84.202,0.66215,174.66,171,0.12769
127.22,-160.59,0.18175,154.29,161.2,97.573,84.145,0.66201,174.7,170.89,0.12738
127.89,-160.52,0.18149,154.67,162.26,97.513,84.088,0.66185,174.75,170.77,0.12708
128.47,-160.27,0.18127,154.96,163.15,97.455,84.029,0.66166,174.78,170.65,0.12679
128.97,-159.91,0.18108,155.19,163.9,97.397,83.971,0.66147,174.81,170.53,0.12651
129.42,-159.48,0.18093,155.36,164.54,97.34,83.913,0.66127,174.83,170.41,0.12624
129.81,-159.01,0.18082,155.5,165.09,97.285,83.856,0.66108,174.83,170.29,0.12599
130.16,-158.54,0.18077,155.61,165.56,97.23,83.8,0.66091,174.82,170.19,0.12576
130.47,-158.08,0.18077,155.71,165.98,97.177,83.747,0.66075,174.78,170.09,0.12554
130.75,-157.68,0.18083,155.79,166.34,97.126,83.697,0.6606,174.73,170,0.12534
131,-157.34,0.18094,155.88,166.67,97.076,83.649,0.66049,174.66,169.92,0.12516
131.22,-157.08,0.18111,155.95,166.97,97.029,83.605,0.66039,174.56,169.85,0.12499
131.41,-156.91,0.18132,156.02,167.21,96.984,83.566,0.66032,174.45,169.8,0.12484
131.58,-156.85,0.18159,156.08,167.41,96.943,83.532,0.66027,174.32,169.76,0.12471
131.71,-156.89,0.18189,156.11,167.54,96.905,83.503,0.66025,174.19,169.74,0.1246
131.81,-157.05,0.18222,156.11,167.58,96.872,83.481,0.66024,174.04,169.73,0.1245
131.85,-157.33,0.18257,156.05,167.52,96.844,83.465,0.66026,173.9,169.73,0.12443
131.84,-157.73,0.18293,155.92,167.31,96.822,83.456,0.66029,173.76,169.75,0.12437
131.76,-158.23,0.18329,155.7,166.94,96.807,83.455,0.66034,173.64,169.78,0.12433
131.58,-158.84,0.18362,155.36,166.37,96.8,83.463,0.66041,173.53,169.82,0.1243
131.31,-159.54,0.18393,154.9,165.56,96.8,83.479,0.66048,173.45,169.88,0.1243
130.92,-160.31,0.18421,154.27,164.51,96.81,83.504,0.66056,173.41,169.94,0.12433
130.39,-161.13,0.18444,153.48,163.17,96.828,83.538,0.66064,173.39,170.02,0.12437
129.71,-161.95,0.18462,152.5,161.53,96.857,83.581,0.66071,173.41,170.1,0.12444
128.85,-162.75,0.18475,151.32,159.58,96.895,83.633,0.66078,173.47,170.18,0.12453
127.81,-163.46,0.18482,149.94,157.31,96.944,83.693,0.66082,173.56,170.27,0.12464
126.56,-164.03,0.18484,148.36,154.74,97.003,83.761,0.66084,173.68,170.35,0.12477
125.11,-164.38,0.18481,146.59,151.87,97.072,83.836,0.66081,173.81,170.43,0.12493
123.43,-164.45,0.18474,144.63,148.73,97.151,83.918,0.66074,173.96,170.49,0.12511
121.51,-164.15,0.18463,142.52,145.36,97.239,84.004,0.66061,174.12,170.54,0.12531
119.36,-163.38,0.1845,140.28,141.81,97.335,84.094,0.6604,174.28,170.58,0.12552
116.98,-162.07,0.18436,137.93,138.12,97.44,84.186,0.66012,174.42,170.59,0.12575
114.35,-160.11,0.1842,135.51,134.36,97.55,84.28,0.65977,174.55,170.59,0.12599
111.5,-157.42,0.18404,133.07,130.59,97.665,84.373,0.65932,174.66,170.56,0.12625
108.41,-153.93,0.18389,130.65,126.88,97.784,84.464,0.6588,174.75,170.51,0.1265
105.11,-149.57,0.18375,128.29,123.3,97.904,84.552,0.6582,174.8,170.44,0.12677
101.61,-144.29,0.18364,126.04,119.93,98.023,84.634,0.65753,174.82,170.34,0.12704
97.916,-138.07,0.18356,123.94,116.83,98.14,84.71,0.65681,174.8,170.22,0.12731
94.054,-130.92,0.18351,122.03,114.07,98.252,84.778,0.65605,174.75,170.09,0.12758
90.043,-122.9,0.1835,120.36,111.71,98.358,84.837,0.65527,174.66,169.93,0.12785
85.908,-114.08,0.18353,118.95,109.79,98.454,84.887,0.65449,174.54,169.77,0.12812
81.674,-104.58,0.18362,117.83,108.36,98.54,84.926,0.65373,174.38,169.59,0.12839
77.369,-94.589,0.18374,117.02,107.43,98.615,84.954,0.653,174.19,169.41,0.12865
73.021,-84.29,0.18391,116.54,107.02,98.675,84.971,0.65232,173.98,169.23,0.12892
68.661,-73.907,0.18412,116.38,107.12,98.721,84.977,0.65171,173.75,169.06,0.12917
64.316,-63.67,0.18436,116.55,107.71,98.752,84.972,0.65118,173.51,168.9,0.12942
60.015,-53.805,0.18463,117.04,108.77,98.768,84.957,0.65072,173.25,168.76,0.12965
55.788,-44.516,0.1849,117.84,110.25,98.767,84.931,0.65033,173,168.64,0.12988
51.658,-35.977,0.18518,118.92,112.09,98.751,84.896,0.65001,172.74,168.55,0.13009
47.649,-28.323,0.18544,120.26,114.24,98.72,84.851,0.64975,172.5,168.5,0.13028
43.782,-21.647,0.18568,121.83,116.64,98.673,84.798,0.64952,172.26,168.47,0.13046
40.073,-16,0.18588,123.6,119.22,98.614,84.738,0.64932,172.04,168.47,0.13063
36.539,-11.39,0.18605,125.54,121.94,98.543,84.672,0.64912,171.83,168.51,0.13077
33.192,-7.7931,0.18616,127.61,124.73,98.461,84.601,0.6489,171.64,168.56,0.1309
30.042,-5.1518,0.18624,129.79,127.54,98.372,84.528,0.64866,171.47,168.64,0.13101
27.096,-3.3874,0.18627,132.05,130.34,98.279,84.455,0.64838,171.31,168.73,0.13111
24.36,-2.4046,0.18626,134.36,133.08,98.184,84.384,0.64805,171.18,168.83,0.1312
21.833,-2.0977,0.18621,136.7,135.74,98.09,84.318,0.64768,171.06,168.94,0.13128
19.515,-2.3568,0.18614,139.05,138.28,98.002,84.259,0.64726,170.97,169.05,0.13135
17.401,-3.0722,0.18605,141.38,140.69,97.922,84.21,0.6468,170.9,169.16,0.1314
15.482,-4.138,0.18594,143.66,142.96,97.852,84.174,0.64632,170.85,169.26,0.13145
13.748,-5.4555,0.18583,145.87,145.06,97.796,84.15,0.64581,170.82,169.36,0.1315
12.186,-6.9349,0.1857,147.99,147,97.755,84.14,0.6453,170.81,169.43,0.13154
10.784,-8.4968,0.18557,150,148.77,97.729,84.145,0.64479,170.83,169.49,0.13157
9.5262,-10.073,0.18544,151.87,150.37,97.72,84.163,0.64429,170.86,169.52,0.1316
8.3982,-11.606,0.1853,153.59,151.79,97.725,84.195,0.64382,170.9,169.53,0.13163
7.3853,-13.049,0.18516,155.14,153.03,97.744,84.237,0.64338,170.95,169.52,0.13165
6.4737,-14.367,0.18501,156.49,154.09,97.775,84.287,0.64299,171.01,169.47,0.13168
5.6509,-15.532,0.18487,157.65,154.96,97.816,84.344,0.64264,171.07,169.4,0.1317
4.9058,-16.525,0.18472,158.58,155.64,97.864,84.405,0.64235,171.12,169.3,0.13172
4.2299,-17.334,0.18459,159.28,156.12,97.916,84.467,0.64212,171.17,169.18,0.13175
3.6167,-17.953,0.18446,159.74,156.39,97.971,84.527,0.64196,171.2,169.04,0.13177
3.063,-18.381,0.18435,159.95,156.44,98.026,84.583,0.64186,171.23,168.88,0.13179
2.5686,-18.621,0.18426,159.89,156.26,98.079,84.634,0.64184,171.24,168.72,0.13182
2.1369,-18.68,0.18419,159.56,155.83,98.128,84.677,0.6419,171.23,168.55,0.13185
1.7748,-18.568,0.18414,158.94,155.14,98.171,84.712,0.64203,171.22,168.39,0.13188
1.493,-18.298,0.1841,158.05,154.16,98.209,84.739,0.64225,171.19,168.24,0.1319
1.306,-17.885,0.18409,156.86,152.9,98.24,84.756,0.64254,171.15,168.09,0.13193
1.232,-17.349,0.18409,155.38,151.33,98.264,84.764,0.64291,171.11,167.97,0.13196
1.2927,-16.713,0.18409,153.63,149.46,98.283,84.764,0.64335,171.07,167.87,0.13198
1.5126,-16.003,0.18411,151.6,147.28,98.296,84.756,0.64386,171.03,167.79,0.132
1.919,-15.251,0.18412,149.32,144.81,98.304,84.741,0.64443,171,167.74,0.13201
2.5404,-14.495,0.18412,146.81,142.04,98.308,84.722,0.64506,170.99,167.71,0.13201
3.4062,-13.779,0.18411,144.1,139.02,98.31,84.698,0.64573,170.99,167.7,0.132
4.5453,-13.154,0.18409,141.24,135.76,98.311,84.672,0.64644,171.01,167.71,0.13198
5.9851,-12.678,0.18405,138.27,132.31,98.31,84.645,0.64717,171.05,167.74,0.13194
7.7496,-12.418,0.184,135.23,128.71,98.31,84.619,0.64792,171.11,167.77,0.13189
9.8586,-12.447,0.18394,132.19,125.02,98.31,84.593,0.64867,171.19,167.81,0.13183
12.326,-12.843,0.18387,129.21,121.3,98.313,84.571,0.64942,171.29,167.85,0.13174
15.159,-13.692,0.18379,126.34,117.6,98.317,84.552,0.65017,171.41,167.9,0.13164
18.357,-15.076,0.18371,123.65,113.99,98.324,84.537,0.65091,171.54,167.94,0.13153
21.912,-17.077,0.18363,121.19,110.54,98.333,84.527,0.65164,171.69,167.99,0.13141
25.807,-19.771,0.18357,119.02,107.31,98.345,84.522,0.65236,171.85,168.03,0.13128
30.018,-23.217,0.18353,117.17,104.37,98.36,84.523,0.65307,172.03,168.08,0.13115
34.513,-27.461,0.18351,115.68,101.78,98.377,84.529,0.65377,172.2,168.14,0.13101
39.255,-32.52,0.18352,114.59,99.603,98.396,84.539,0.65448,172.38,168.21,0.13088
44.201,-38.389,0.18357,113.89,97.885,98.416,84.554,0.65519,172.56,168.28,0.13077
49.306,-45.031,0.18365,113.61,96.672,98.437,84.572,0.6559,172.74,168.37,0.13066
54.518,-52.375,0.18376,113.73,96,98.458,84.593,0.65663,172.91,168.48,0.13058
59.787,-60.323,0.1839,114.25,95.893,98.477,84.615,0.65737,173.07,168.6,0.13051
65.061,-68.744,0.18407,115.12,96.361,98.495,84.638,0.65811,173.23,168.74,0.13048
70.291,-77.486,0.18425,116.34,97.403,98.509,84.661,0.65885,173.37,168.89,0.13046
75.429,-86.374,0.18445,117.85,99.005,98.519,84.682,0.65957,173.49,169.06,0.13047
80.43,-95.227,0.18466,119.64,101.14,98.524,84.702,0.66027,173.6,169.24,0.1305
85.255,-103.86,0.18488,121.64,103.77,98.524,84.719,0.66094,173.69,169.43,0.13054
89.869,-112.1,0.1851,123.82,106.83,98.519,84.733,0.66156,173.76,169.63,0.13058
94.245,-119.8,0.18532,126.14,110.29,98.509,84.744,0.66213,173.81,169.82,0.13063
98.36,-126.84,0.18553,128.55,114.05,98.493,84.752,0.66263,173.83,170.02,0.13066
102.2,-133.15,0.18574,131.01,118.06,98.471,84.756,0.66305,173.84,170.21,0.13067
105.75,-138.67,0.18594,133.49,122.23,98.445,84.756,0.66341,173.83,170.38,0.13066
109.02,-143.4,0.18612,135.95,126.5,98.413,84.752,0.66369,173.8,170.55,0.13061
112,-147.35,0.18628,138.36,130.78,98.378,84.744,0.66389,173.76,170.69,0.13052
114.7,-150.56,0.18641,140.69,135.01,98.338,84.731,0.66402,173.71,170.81,0.13038
117.12,-153.09,0.18649,142.93,139.12,98.296,84.715,0.66409,173.65,170.91,0.13019
119.29,-155,0.18653,145.05,143.06,98.25,84.695,0.66411,173.59,170.98,0.12995
121.21,-156.37,0.18651,147.03,146.78,98.201,84.671,0.66407,173.54,171.03,0.12966
122.91,-157.29,0.18643,148.88,150.24,98.151,84.642,0.664,173.49,171.05,0.12932
124.39,-157.83,0.18629,150.58,153.43,98.097,84.61,0.66389,173.46,171.04,0.12893
125.67,-158.06,0.18608,152.13,156.33,98.042,84.573,0.66375,173.44,171.01,0.1285
126.79,-158.07,0.18581,153.53,158.92,97.984,84.532,0.66359,173.45,170.97,0.12804
127.74,-157.91,0.18549,154.78,161.23,97.925,84.487,0.66342,173.47,170.9,0.12755
128.56,-157.63,0.18513,155.91,163.25,97.863,84.439,0.66324,173.51,170.81,0.12704
129.25,-157.29,0.18474,156.9,165,97.801,84.388,0.66305,173.57,170.72,0.12652
129.85,-156.9,0.18434,157.79,166.51,97.736,84.334,0.66287,173.65,170.62,0.126
130.36,-156.52,0.18394,158.57,167.81,97.672,84.278,0.66268,173.73,170.51,0.12547
130.8,-156.15,0.18355,159.27,168.9,97.607,84.222,0.6625,173.82,170.41,0.12496
131.18,-155.81,0.18319,159.9,169.83,97.543,84.165,0.66233,173.92,170.31,0.12447
131.53,-155.52,0.18288,160.46,170.61,97.479,84.11,0.66216,174.02,170.21,0.124
131.83,-155.29,0.18261,160.96,171.27,97.418,84.056,0.662,174.12,170.13,0.12356
132.12,-155.12,0.1824,161.42,171.8,97.36,84.006,0.66185,174.22,170.06,0.12314
132.38,-155.02,0.18226,161.84,172.24,97.305,83.961,0.6617,174.31,170.01,0.12277
132.62,-155,0.18218,162.21,172.58,97.254,83.92,0.66156,174.39,169.97,0.12243
132.85,-155.06,0.18217,162.53,172.82,97.208,83.886,0.66142,174.47,169.95,0.12214
133.06,-155.2,0.18223,162.8,172.96,97.168,83.858,0.66129,174.53,169.96,0.12188
133.25,-155.43,0.18234,163,172.99,97.132,83.838,0.66116,174.58,169.98,0.12167
133.4,-155.76,0.18252,163.13,172.88,97.102,83.824,0.66104,174.63,170.03,0.1215
133.52,-156.19,0.18274,163.16,172.63,97.078,83.818,0.66092,174.66,170.09,0.12137
133.58,-156.72,0.18301,163.08,172.21,97.059,83.819,0.66081,174.68,170.18,0.12129
133.58,-157.35,0.18332,162.87,171.6,97.045,83.826,0.66071,174.7,170.28,0.12125
133.49,-158.08,0.18365,162.5,170.76,97.037,83.84,0.66062,174.71,170.4,0.12125
133.31,-158.9,0.184,161.96,169.68,97.034,83.86,0.66054,174.71,170.53,0.12129
133.02,-159.79,0.18436,161.22,168.33,97.037,83.884,0.66048,174.72,170.66,0.12137
132.59,-160.73,0.18473,160.26,166.69,97.045,83.913,0.66043,174.72,170.8,0.12149
132.01,-161.7,0.18509,159.07,164.75,97.058,83.947,0.66039,174.72,170.94,0.12164
131.26,-162.64,0.18544,157.64,162.49,97.077,83.983,0.66037,174.71,171.07,0.12183
130.33,-163.51,0.18577,155.97,159.93,97.101,84.023,0.66036,174.71,171.19,0.12206
129.2,-164.25,0.18608,154.04,157.06,97.131,84.064,0.66035,174.7,171.29,0.12232
127.86,-164.77,0.18635,151.87,153.9,97.166,84.107,0.66034,174.68,171.36,0.1226
126.29,-165.01,0.18658,149.48,150.47,97.206,84.15,0.66031,174.66,171.4,0.12291
124.49,-164.86,0.18675,146.88,146.82,97.252,84.193,0.66026,174.63,171.41,0.12324
122.46,-164.24,0.18688,144.1,142.97,97.303,84.235,0.66017,174.6,171.37,0.12358
120.19,-163.03,0.18695,141.17,138.99,97.358,84.276,0.66003,174.55,171.29,0.12394
117.69,-161.15,0.18696,138.13,134.92,97.418,84.315,0.65983,174.5,171.17,0.1243
114.96,-158.5,0.18691,135.01,130.83,97.482,84.353,0.65955,174.44,170.99,0.12466
112.01,-154.99,0.1868,131.86,126.78,97.55,84.387,0.65919,174.38,170.77,0.12501
108.85,-150.56,0.18665,128.73,122.83,97.622,84.42,0.65874,174.31,170.51,0.12536
105.51,-145.16,0.18644,125.65,119.06,97.697,84.45,0.6582,174.24,170.2,0.1257
101.99,-138.78,0.1862,122.68,115.52,97.774,84.478,0.65758,174.16,169.86,0.12604
98.324,-131.42,0.18593,119.86,112.28,97.853,84.503,0.65687,174.09,169.49,0.12636
94.539,-123.15,0.18563,117.24,109.4,97.931,84.524,0.6561,174.02,169.1,0.12669
90.661,-114.05,0.18533,114.85,106.93,98.008,84.542,0.65528,173.94,168.69,0.127
86.717,-104.25,0.18502,112.73,104.91,98.082,84.556,0.65444,173.87,168.29,0.12732
82.738,-93.933,0.18473,110.92,103.37,98.152,84.565,0.65361,173.8,167.89,0.12764
78.751,-83.287,0.18446,109.44,102.33,98.215,84.57,0.65279,173.74,167.52,0.12797
74.782,-72.533,0.18422,108.31,101.81,98.271,84.569,0.65203,173.67,167.18,0.1283
70.853,-61.897,0.18401,107.54,101.8,98.319,84.564,0.65135,173.6,166.88,0.12864
66.983,-51.607,0.18384,107.15,102.27,98.358,84.555,0.65076,173.53,166.63,0.12897
63.19,-41.874,0.18372,107.13,103.21,98.388,84.541,0.65027,173.45,166.43,0.1293
59.486,-32.887,0.18363,107.47,104.57,98.409,84.524,0.6499,173.36,166.28,0.12963
55.881,-24.799,0.1836,108.16,106.3,98.42,84.503,0.64966,173.27,166.19,0.12994
52.384,-17.724,0.18361,109.18,108.34,98.422,84.48,0.64953,173.16,166.15,0.13023
48.998,-11.731,0.18366,110.5,110.63,98.415,84.454,0.64951,173.04,166.16,0.13051
45.726,-6.8465,0.18376,112.07,113.12,98.399,84.425,0.64959,172.91,166.21,0.13076
42.567,-3.0568,0.1839,113.87,115.74,98.375,84.394,0.64974,172.76,166.3,0.13098
39.521,-0.3122,0.18408,115.85,118.44,98.343,84.361,0.64993,172.6,166.42,0.13119
36.586,1.4664,0.18429,117.97,121.16,98.303,84.327,0.65015,172.42,166.55,0.13136
33.76,2.3802,0.18453,120.2,123.87,98.257,84.29,0.65036,172.22,166.71,0.13151
31.042,2.5457,0.18479,122.48,126.52,98.205,84.253,0.65053,172.01,166.86,0.13164
28.432,2.0867,0.18507,124.8,129.09,98.148,84.214,0.65066,171.79,167.02,0.13175
25.933,1.1292,0.18534,127.12,131.56,98.086,84.175,0.65071,171.57,167.18,0.13184
23.546,-0.20511,0.18561,129.42,133.89,98.022,84.135,0.65068,171.35,167.32,0.13191
21.276,-1.8022,0.18585,131.68,136.1,97.955,84.096,0.65056,171.13,167.45,0.13198
19.127,-3.559,0.18607,133.87,138.15,97.888,84.059,0.65036,170.92,167.56,0.13203
17.102,-5.3857,0.18625,136,140.05,97.822,84.023,0.65007,170.74,167.66,0.13208
15.204,-7.2063,0.18639,138.03,141.79,97.76,83.991,0.64971,170.57,167.74,0.13212
13.434,-8.9595,0.18649,139.97,143.37,97.701,83.962,0.64928,170.43,167.8,0.13215
11.795,-10.598,0.18653,141.8,144.8,97.649,83.938,0.6488,170.32,167.85,0.13219
10.285,-12.088,0.18653,143.51,146.07,97.605,83.92,0.64828,170.25,167.88,0.13222
8.9054,-13.407,0.18647,145.08,147.2,97.569,83.907,0.64774,170.21,167.91,0.13225
7.6532,-14.544,0.18637,146.53,148.18,97.543,83.9,0.6472,170.21,167.92,0.13227
6.5264,-15.496,0.18621,147.83,149.02,97.526,83.9,0.64666,170.24,167.94,0.1323
5.5213,-16.269,0.18602,148.98,149.73,97.52,83.906,0.64614,170.29,167.95,0.13232
4.6336,-16.873,0.1858,149.99,150.32,97.524,83.917,0.64565,170.38,167.96,0.13234
3.8584,-17.324,0.18555,150.85,150.79,97.536,83.933,0.6452,170.48,167.97,0.13236
3.1899,-17.639,0.18529,151.56,151.16,97.555,83.953,0.6448,170.58,167.99,0.13237
2.6219,-17.837,0.18503,152.13,151.44,97.581,83.976,0.64446,170.7,168.01,0.13238
2.148,-17.938,0.18477,152.56,151.63,97.611,84.001,0.64417,170.81,168.02,0.13238
1.7613,-17.962,0.18452,152.86,151.74,97.645,84.028,0.64393,170.91,168.04,0.13238
1.4549,-17.928,0.18429,153.05,151.79,97.68,84.054,0.64376,170.99,168.06,0.13238
1.222,-17.853,0.18408,153.13,151.77,97.715,84.078,0.64363,171.06,168.07,0.13237
1.0555,-17.752,0.1839,153.12,151.71,97.749,84.101,0.64354,171.12,168.08,0.13236
0.94892,-17.639,0.18373,153.03,151.6,97.78,84.121,0.6435,171.15,168.09,0.13235
0.89562,-17.525,0.18359,152.87,151.46,97.808,84.138,0.64348,171.17,168.09,0.13233
0.88937,-17.419,0.18346,152.66,151.28,97.832,84.151,0.64349,171.17,168.08,0.13232
0.92423,-17.328,0.18336,152.42,151.08,97.85,84.159,0.64351,171.15,168.06,0.1323
0.99457,-17.257,0.18328,152.16,150.87,97.864,84.164,0.64354,171.12,168.04,0.13228
1.0952,-17.207,0.18322,151.88,150.64,97.872,84.165,0.64356,171.08,168.02,0.13226
1.2211,-17.181,0.18319,151.61,150.41,97.876,84.162,0.64356,171.03,167.99,0.13224
1.3681,-17.177,0.18318,151.35,150.17,97.875,84.157,0.64353,170.98,167.96,0.13222
1.532,-17.195,0.18321,151.11,149.94,97.871,84.148,0.64346,170.92,167.92,0.1322
1.7094,-17.232,0.18327,150.89,149.71,97.863,84.137,0.64333,170.86,167.88,0.13218
1.897,-17.284,0.18337,150.71,149.49,97.852,84.125,0.64314,170.81,167.85,0.13217
2.0922,-17.347,0.1835,150.55,149.27,97.839,84.112,0.64288,170.76,167.81,0.13215
2.2925,-17.419,0.18366,150.44,149.07,97.825,84.099,0.64252,170.72,167.78,0.13213
2.4962,-17.495,0.18386,150.36,148.88,97.81,84.086,0.64206,170.69,167.75,0.13212
2.7015,-17.57,0.18408,150.32,148.71,97.795,84.073,0.6415,170.66,167.72,0.13211
2.9071,-17.643,0.18432,150.3,148.54,97.78,84.062,0.64082,170.65,167.7,0.13209
3.1122,-17.71,0.18458,150.32,148.39,97.766,84.052,0.64002,170.65,167.68,0.13208
3.3159,-17.768,0.18486,150.36,148.25,97.753,84.044,0.63911,170.65,167.68,0.13207
3.5177,-17.817,0.18513,150.43,148.12,97.741,84.037,0.63808,170.67,167.68,0.13206
3.717,-17.854,0.18541,150.51,148,97.73,84.033,0.63694,170.69,167.69,0.13205
3.9133,-17.879,0.18568,150.61,147.88,97.72,84.03,0.63571,170.72,167.7,0.13204
4.106,-17.894,0.18594,150.72,147.77,97.712,84.03,0.63439,170.75,167.73,0.13204
4.2943,-17.899,0.18619,150.83,147.67,97.705,84.03,0.63301,170.78,167.76,0.13203
4.4774,-17.895,0.18643,150.95,147.57,97.698,84.033,0.63159,170.81,167.79,0.13203
4.6543,-17.885,0.18665,151.07,147.47,97.693,84.037,0.63015,170.83,167.83,0.13202
4.8237,-17.872,0.18686,151.18,147.38,97.688,84.042,0.62872,170.83,167.88,0.13202
4.9843,-17.859,0.18707,151.3,147.28,97.684,84.048,0.62733,170.83,167.92,0.13202
5.1346,-17.847,0.18726,151.4,147.19,97.681,84.054,0.62599,170.81,167.96,0.13202
5.2732,-17.841,0.18744,151.5,147.1,97.677,84.061,0.62473,170.78,168,0.13202
5.3987,-17.843,0.18761,151.6,147.01,97.674,84.069,0.62356,170.74,168.03,0.13201
5.5099,-17.855,0.18777,151.68,146.93,97.672,84.077,0.6225,170.68,168.06,0.13201
5.6055,-17.88,0.18792,151.76,146.85,97.669,84.085,0.62156,170.62,168.08,0.13201
5.6847,-17.92,0.18805,151.82,146.78,97.667,84.092,0.62075,170.55,168.1,0.13201
5.747,-17.975,0.18817,151.88,146.71,97.665,84.099,0.62005,170.47,168.11,0.13201
5.7919,-18.045,0.18826,151.92,146.65,97.663,84.106,0.61947,170.4,168.11,0.13201
5.8195,-18.132,0.18835,151.96,146.6,97.662,84.111,0.61901,170.34,168.11,0.13201
5.8302,-18.233,,,,,,,,,
5.8247,-18.349,,,,,,,,,
5.804,-18.476,,,,,,,,,
5.7694,-18.613,,,,,,,,,
5.7227,-18.757,,,,,,,,,
5.6656,-18.906,,,,,,,,,
5.6004,-19.056,,,,,,,,,
5.5292,-19.206,,,,,,,,,
5.4545,-19.351,,,,,,,,,
5.3786,-19.489,,,,,,,,,
5.3039,-19.619,,,,,,,,,
5.2326,-19.737,,,,,,,,,
5.1665,-19.843,,,,,,,,,
5.1073,-19.935,,,,,,,,,
5.056,-20.012,,,,,,,,,
