2.2841,-0.37948,0.24135,166.84,167.85,94.16,88.142,0.63668,173.84,171.82,0.11876
2.2755,-0.44038,0.24071,166.69,167.83,94.132,88.12,0.63672,173.93,171.77,0.11871
2.2666,-0.50257,0.24008,166.54,167.8,94.102,88.097,0.63674,174.02,171.72,0.11867
2.2573,-0.56569,0.23945,166.4,167.77,94.071,88.073,0.63674,174.1,171.66,0.11864
2.2474,-0.62935,0.23884,166.26,167.75,94.038,88.047,0.63672,174.19,171.6,0.1186
2.2367,-0.69315,0.23827,166.12,167.72,94.004,88.019,0.63667,174.27,171.55,0.11856
2.2251,-0.75666,0.23773,165.98,167.7,93.969,87.99,0.6366,174.35,171.49,0.11853
2.2122,-0.81945,0.23723,165.86,167.68,93.933,87.959,0.6365,174.42,171.44,0.1185
2.1979,-0.88108,0.23677,165.74,167.65,93.896,87.926,0.63637,174.49,171.39,0.11847
2.1818,-0.94113,0.23636,165.63,167.64,93.859,87.893,0.63622,174.56,171.35,0.11845
2.1638,-0.9992,0.23599,165.52,167.62,93.822,87.858,0.63604,174.62,171.31,0.11843
2.1437,-1.0549,0.23567,165.43,167.6,93.784,87.823,0.63585,174.68,171.27,0.11841
2.1213,-1.108,0.2354,165.35,167.59,93.748,87.787,0.63565,174.73,171.24,0.1184
2.0967,-1.1582,0.23516,165.28,167.58,93.712,87.752,0.63544,174.78,171.21,0.11839
2.0698,-1.2054,0.23497,165.22,167.57,93.678,87.716,0.63522,174.82,171.19,0.11838
2.0411,-1.2495,0.23481,165.16,167.56,93.646,87.681,0.63501,174.87,171.17,0.11838
2.0107,-1.2906,0.23468,165.12,167.56,93.616,87.648,0.63481,174.91,171.16,0.11837
1.9794,-1.3289,0.23458,165.09,167.56,93.588,87.616,0.63462,174.95,171.15,0.11837
1.9478,-1.3645,0.23451,165.06,167.56,93.563,87.586,0.63445,174.99,171.14,0.11837
1.9168,-1.3978,0.23446,165.05,167.56,93.541,87.557,0.6343,175.02,171.13,0.11837
1.8876,-1.4294,0.23442,165.03,167.57,93.521,87.531,0.63417,175.05,171.13,0.11837
1.8615,-1.4598,0.23439,165.03,167.59,93.503,87.508,0.63406,175.08,171.12,0.11837
1.8398,-1.4894,0.23437,165.03,167.61,93.487,87.486,0.63399,175.11,171.11,0.11837
1.824,-1.519,0.23435,165.03,167.63,93.473,87.466,0.63393,175.14,171.1,0.11836
1.8156,-1.5492,0.23431,165.03,167.66,93.459,87.448,0.63391,175.16,171.09,0.11836
1.8162,-1.5807,0.23427,165.04,167.69,93.446,87.431,0.63391,175.18,171.07,0.11835
1.8272,-1.6141,0.2342,165.05,167.72,93.432,87.415,0.63394,175.2,171.05,0.11834
1.8499,-1.6501,0.23411,165.06,167.76,93.417,87.4,0.63399,175.22,171.02,0.11833
1.8854,-1.6893,0.234,165.07,167.8,93.401,87.385,0.63407,175.23,171,0.11832
1.9346,-1.7323,0.23387,165.08,167.85,93.383,87.37,0.63417,175.24,170.96,0.1183
1.998,-1.7797,0.23371,165.08,167.89,93.364,87.354,0.63429,175.24,170.93,0.11829
2.0759,-1.8317,0.23353,165.08,167.94,93.342,87.337,0.63443,175.24,170.89,0.11826
2.1684,-1.8886,0.23334,165.08,167.99,93.318,87.32,0.63458,175.24,170.86,0.11824
2.2751,-1.9506,0.23313,165.08,168.03,93.291,87.301,0.63474,175.24,170.82,0.11821
2.3952,-2.0178,0.23293,165.08,168.07,93.263,87.281,0.6349,175.23,170.8,0.11819
2.5278,-2.09,0.23272,165.07,168.11,93.234,87.259,0.63507,175.23,170.77,0.11815
2.6712,-2.167,0.23253,165.05,168.14,93.203,87.237,0.63524,175.22,170.76,0.11812
2.8237,-2.2487,0.23234,165.04,168.17,93.171,87.213,0.63539,175.21,170.75,0.11808
2.9829,-2.3347,0.23218,165.02,168.19,93.139,87.187,0.63554,175.2,170.76,0.11805
3.1462,-2.4249,0.23204,165,168.2,93.106,87.161,0.63567,175.19,170.78,0.11801
3.3105,-2.5191,0.23192,164.97,168.21,93.074,87.133,0.63578,175.18,170.81,0.11796
3.4724,-2.6174,0.23182,164.95,168.21,93.043,87.105,0.63587,175.17,170.85,0.11792
3.628,-2.72,0.23175,164.93,168.21,93.012,87.076,0.63594,175.16,170.91,0.11787
3.7737,-2.8273,0.2317,164.9,168.21,92.982,87.046,0.63598,175.16,170.98,0.11782
3.9053,-2.94,0.23167,164.88,168.21,92.953,87.016,0.636,175.16,171.05,0.11777
4.0189,-3.059,0.23165,164.86,168.21,92.924,86.986,0.636,175.16,171.14,0.11772
4.111,-3.1854,0.23165,164.84,168.21,92.897,86.957,0.63599,175.16,171.24,0.11766
4.1784,-3.3206,0.23166,164.83,168.22,92.871,86.927,0.63596,175.17,171.34,0.11761
4.2183,-3.4656,0.23169,164.82,168.24,92.846,86.899,0.63591,175.18,171.44,0.11756
4.2292,-3.6218,0.23171,164.81,168.27,92.821,86.871,0.63587,175.19,171.55,0.1175
4.2103,-3.7898,0.23174,164.82,168.32,92.798,86.844,0.63581,175.21,171.65,0.11745
4.1624,-3.97,0.23177,164.83,168.37,92.775,86.818,0.63576,175.23,171.76,0.1174
4.0875,-4.1617,0.23179,164.85,168.44,92.753,86.794,0.6357,175.25,171.86,0.11735
3.9895,-4.3634,0.23181,164.88,168.52,92.733,86.771,0.63565,175.27,171.95,0.11731
3.874,-4.5721,0.23182,164.92,168.61,92.713,86.751,0.63561,175.3,172.04,0.11728
3.7487,-4.7832,0.23182,164.97,168.71,92.696,86.732,0.63557,175.33,172.12,0.11725
3.6234,-4.9905,0.23181,165.02,168.81,92.68,86.717,0.63555,175.37,172.19,0.11722
3.5097,-5.1855,0.23179,165.09,168.91,92.667,86.703,0.63554,175.41,172.25,0.11721
3.4217,-5.3578,0.23177,165.15,169,92.656,86.693,0.63554,175.45,172.31,0.1172
3.3749,-5.4947,0.23174,165.21,169.08,92.648,86.685,0.63556,175.49,172.36,0.1172
3.3869,-5.5813,0.23173,165.27,169.14,92.643,86.681,0.6356,175.53,172.4,0.11721
3.4767,-5.6008,0.23173,165.31,169.17,92.642,86.681,0.63567,175.58,172.44,0.11722
3.6641,-5.5343,0.23174,165.34,169.16,92.645,86.683,0.63576,175.63,172.47,0.11725
3.9698,-5.3614,0.23178,165.35,169.11,92.652,86.69,0.63587,175.68,172.5,0.11728
4.4145,-5.0607,0.23185,165.33,169,92.664,86.7,0.63601,175.73,172.52,0.11732
5.0182,-4.61,0.23195,165.27,168.83,92.68,86.714,0.63618,175.78,172.53,0.11736
5.7999,-3.9872,0.23209,165.18,168.59,92.7,86.731,0.63636,175.83,172.55,0.1174
6.7768,-3.1708,0.23226,165.04,168.27,92.725,86.752,0.63656,175.87,172.56,0.11744
7.9636,-2.1407,0.23247,164.86,167.87,92.753,86.776,0.63676,175.92,172.56,0.11748
9.3718,-0.87896,0.23272,164.63,167.39,92.786,86.802,0.63697,175.96,172.57,0.11751
11.01,0.62978,0.233,164.34,166.83,92.821,86.832,0.63718,175.99,172.57,0.11753
12.882,2.3974,0.23332,164.01,166.19,92.859,86.863,0.63736,176.02,172.58,0.11753
14.987,4.432,0.23367,163.63,165.48,92.898,86.896,0.63753,176.05,172.58,0.11752
17.323,6.7372,0.23405,163.22,164.71,92.939,86.929,0.63766,176.07,172.59,0.11749
19.88,9.3123,0.23445,162.77,163.89,92.978,86.963,0.63775,176.08,172.6,0.11744
22.645,12.152,0.23487,162.3,163.05,93.017,86.997,0.63779,176.09,172.62,0.11735
25.601,15.245,0.2353,161.82,162.19,93.054,87.03,0.63777,176.1,172.65,0.11725
28.728,18.578,0.23574,161.33,161.34,93.088,87.063,0.63769,176.1,172.68,0.11711
32,22.132,0.23619,160.85,160.51,93.119,87.094,0.63754,176.1,172.72,0.11693
35.393,25.883,0.23662,160.39,159.74,93.146,87.125,0.63732,176.1,172.77,0.11673
38.877,29.805,0.23705,159.95,159.03,93.17,87.155,0.63703,176.1,172.84,0.1165
42.421,33.87,0.23746,159.56,158.41,93.19,87.185,0.63667,176.09,172.9,0.11623
45.997,38.046,0.23784,159.21,157.91,93.207,87.215,0.63625,176.09,172.98,0.11593
49.574,42.299,0.2382,158.91,157.52,93.221,87.247,0.63578,176.08,173.07,0.11561
53.124,46.597,0.23851,158.68,157.27,93.232,87.28,0.63527,176.08,173.16,0.11526
56.621,50.905,0.2388,158.51,157.16,93.242,87.316,0.63476,176.09,173.25,0.11489
60.043,55.193,0.23904,158.41,157.2,93.251,87.355,0.63425,176.09,173.34,0.11449
63.371,59.43,0.23925,158.38,157.38,93.258,87.397,0.63376,176.1,173.44,0.11408
66.592,63.589,0.23942,158.42,157.69,93.266,87.444,0.63334,176.12,173.54,0.11366
69.694,67.65,0.23957,158.52,158.13,93.274,87.494,0.63299,176.14,173.64,0.11322
72.675,71.592,0.23969,158.69,158.69,93.281,87.548,0.63274,176.17,173.74,0.11278
75.533,75.404,0.23979,158.91,159.35,93.29,87.607,0.63261,176.21,173.84,0.11234
78.272,79.075,0.23987,159.18,160.09,93.299,87.669,0.63261,176.25,173.94,0.11191
80.899,82.598,0.23994,159.49,160.9,93.31,87.735,0.63275,176.3,174.05,0.11148
83.42,85.968,0.24001,159.84,161.76,93.321,87.804,0.63302,176.36,174.16,0.11106
85.844,89.182,0.24007,160.21,162.65,93.334,87.875,0.63342,176.42,174.27,0.11067
88.181,92.239,0.24013,160.58,163.56,93.347,87.949,0.63392,176.5,174.39,0.1103
90.438,95.141,0.24018,160.96,164.47,93.363,88.024,0.6345,176.58,174.51,0.10995
92.624,97.89,0.24022,161.33,165.37,93.379,88.1,0.63514,176.66,174.63,0.10964
94.746,100.49,0.24025,161.68,166.24,93.397,88.177,0.6358,176.76,174.76,0.10936
96.813,102.94,0.24027,162.01,167.08,93.417,88.253,0.63648,176.86,174.89,0.10912
98.83,105.26,0.24028,162.3,167.88,93.437,88.328,0.63713,176.96,175.02,0.10891
100.8,107.45,0.24028,162.56,168.64,93.459,88.401,0.63775,177.07,175.15,0.10874
102.74,109.51,0.24026,162.78,169.34,93.48,88.471,0.63832,177.19,175.28,0.1086
104.64,111.45,0.24024,162.97,169.99,93.502,88.537,0.63882,177.31,175.4,0.1085
106.5,113.29,0.24021,163.12,170.57,93.522,88.597,0.63926,177.43,175.52,0.10844
108.33,115.02,0.24017,163.24,171.09,93.54,88.65,0.63961,177.55,175.64,0.1084
110.13,116.66,0.24014,163.33,171.53,93.555,88.696,0.63989,177.67,175.75,0.10838
111.89,118.22,0.2401,163.39,171.9,93.566,88.732,0.64008,177.8,175.85,0.10839
113.62,119.69,0.24008,163.43,172.19,93.573,88.759,0.64021,177.91,175.95,0.10842
115.3,121.1,0.24006,163.44,172.4,93.574,88.775,0.64026,178.03,176.03,0.10846
116.94,122.44,0.24006,163.44,172.52,93.57,88.781,0.64025,178.13,176.11,0.10852
118.53,123.72,0.24008,163.42,172.55,93.56,88.778,0.64018,178.23,176.18,0.1086
120.07,124.95,0.24011,163.38,172.49,93.546,88.765,0.64006,178.31,176.24,0.10868
121.56,126.13,0.24016,163.34,172.34,93.528,88.745,0.6399,178.38,176.29,0.10878
122.98,127.26,0.24022,163.28,172.1,93.507,88.719,0.6397,178.44,176.34,0.10888
124.34,128.36,0.24029,163.21,171.77,93.485,88.69,0.63947,178.48,176.37,0.109
125.63,129.41,0.24036,163.12,171.36,93.464,88.66,0.63921,178.51,176.4,0.10914
126.86,130.42,0.24043,163.03,170.87,93.446,88.632,0.63893,178.53,176.42,0.10928
128.02,131.4,0.24049,162.92,170.3,93.433,88.609,0.63864,178.54,176.43,0.10945
129.11,132.33,0.24054,162.79,169.67,93.427,88.594,0.63834,178.53,176.44,0.10963
130.13,133.23,0.24057,162.65,168.99,93.429,88.588,0.63804,178.51,176.43,0.10983
131.08,134.09,0.24057,162.49,168.26,93.442,88.595,0.63775,178.49,176.43,0.11005
131.97,134.9,0.24054,162.33,167.52,93.466,88.615,0.63747,178.46,176.41,0.1103
132.79,135.66,0.24049,162.15,166.77,93.501,88.649,0.63722,178.42,176.39,0.11057
133.55,136.38,0.24042,161.97,166.04,93.547,88.698,0.637,178.38,176.37,0.11086
134.26,137.04,0.24033,161.79,165.34,93.605,88.762,0.63683,178.34,176.34,0.11117
134.91,137.66,0.24023,161.61,164.7,93.673,88.838,0.6367,178.29,176.31,0.1115
135.51,138.22,0.24013,161.43,164.12,93.75,88.927,0.63663,178.25,176.28,0.11185
136.06,138.73,0.24003,161.27,163.63,93.834,89.026,0.63663,178.2,176.25,0.1122
136.57,139.2,0.23995,161.12,163.23,93.924,89.132,0.63669,178.16,176.22,0.11257
137.04,139.62,0.23989,160.98,162.93,94.016,89.243,0.63682,178.11,176.19,0.11293
137.48,140,0.23987,160.87,162.73,94.109,89.356,0.63702,178.07,176.17,0.11329
137.88,140.34,0.23989,160.79,162.62,94.2,89.469,0.63728,178.02,176.15,0.11365
138.25,140.66,0.23995,160.73,162.6,94.286,89.577,0.63759,177.98,176.14,0.11399
138.6,140.96,0.24006,160.71,162.67,94.366,89.68,0.63795,177.94,176.13,0.11431
138.92,141.24,0.24022,160.72,162.81,94.437,89.774,0.63833,177.9,176.13,0.11461
139.21,141.52,0.24041,160.76,163.01,94.498,89.858,0.63874,177.86,176.14,0.11488
139.49,141.79,0.24065,160.84,163.27,94.546,89.93,0.63914,177.82,176.15,0.11513
139.75,142.08,0.24091,160.95,163.57,94.582,89.987,0.63953,177.78,176.16,0.11534
139.99,142.37,0.24119,161.09,163.9,94.603,90.031,0.6399,177.73,176.18,0.11553
140.22,142.69,0.24149,161.26,164.26,94.61,90.059,0.64022,177.69,176.2,0.11567
140.43,143.03,0.24178,161.45,164.64,94.603,90.071,0.6405,177.65,176.23,0.11578
140.64,143.39,0.24206,161.66,165.05,94.581,90.069,0.64072,177.6,176.26,0.11586
140.84,143.77,0.24233,161.88,165.46,94.546,90.053,0.64088,177.55,176.29,0.1159
141.03,144.18,0.24257,162.11,165.87,94.499,90.023,0.64097,177.51,176.31,0.11591
141.21,144.62,0.24278,162.33,166.29,94.442,89.982,0.64102,177.46,176.34,0.11589
141.39,145.08,0.24295,162.54,166.7,94.375,89.931,0.641,177.41,176.37,0.11584
141.56,145.56,0.24308,162.73,167.1,94.301,89.871,0.64094,177.36,176.39,0.11576
141.73,146.06,0.24317,162.9,167.48,94.222,89.806,0.64084,177.32,176.41,0.11566
141.9,146.56,0.24323,163.05,167.84,94.139,89.736,0.64072,177.27,176.42,0.11554
142.06,147.07,0.24324,163.15,168.17,94.053,89.663,0.64057,177.22,176.44,0.11541
142.22,147.58,0.24321,163.22,168.47,93.967,89.588,0.64041,177.18,176.45,0.11527
142.37,148.08,0.24315,163.24,168.74,93.882,89.514,0.64025,177.14,176.45,0.11511
142.52,148.56,0.24305,163.22,168.97,93.799,89.441,0.64008,177.09,176.45,0.11496
142.66,149.03,0.24292,163.14,169.16,93.719,89.371,0.63991,177.05,176.45,0.1148
142.81,149.46,0.24277,163.03,169.31,93.643,89.304,0.63972,177.01,176.45,0.11465
142.95,149.86,0.2426,162.87,169.43,93.572,89.241,0.63953,176.97,176.44,0.1145
143.08,150.23,0.24241,162.67,169.51,93.506,89.184,0.63933,176.93,176.43,0.11436
143.21,150.55,0.24221,162.43,169.56,93.447,89.132,0.6391,176.9,176.43,0.11424
143.34,150.83,0.242,162.17,169.58,93.394,89.086,0.63885,176.85,176.42,0.11413
143.47,151.06,0.2418,161.9,169.58,93.349,89.046,0.63857,176.81,176.4,0.11404
143.59,151.25,0.2416,161.62,169.55,93.312,89.014,0.63825,176.77,176.39,0.11396
143.72,151.4,0.24141,161.34,169.52,93.283,88.988,0.6379,176.72,176.38,0.11391
143.85,151.51,0.24123,161.08,169.48,93.262,88.97,0.63751,176.68,176.37,0.11387
143.98,151.58,0.24108,160.83,169.43,93.249,88.959,0.63708,176.63,176.36,0.11385
144.11,151.63,0.24095,160.62,169.38,93.245,88.956,0.63662,176.58,176.35,0.11386
144.25,151.64,0.24085,160.44,169.34,93.249,88.959,0.63612,176.52,176.34,0.11388
144.39,151.64,0.24078,160.3,169.29,93.261,88.969,0.63561,176.47,176.33,0.11391
144.54,151.63,0.24073,160.19,169.26,93.28,88.986,0.63507,176.41,176.32,0.11397
144.69,151.61,0.24072,160.13,169.23,93.305,89.008,0.63453,176.35,176.31,0.11404
144.85,151.58,0.24074,160.09,169.2,93.335,89.036,0.63401,176.29,176.3,0.11412
145.02,151.56,0.24078,160.09,169.17,93.37,89.069,0.63351,176.24,176.3,0.11421
145.18,151.54,0.24085,160.12,169.15,93.409,89.106,0.63306,176.18,176.29,0.1143
145.34,151.53,0.24093,160.17,169.12,93.449,89.147,0.63267,176.13,176.29,0.1144
145.49,151.53,0.24103,160.24,169.09,93.49,89.191,0.63235,176.09,176.29,0.1145
145.61,151.53,0.24113,160.31,169.04,93.531,89.236,0.63213,176.05,176.29,0.1146
145.71,151.54,0.24124,160.39,168.98,93.57,89.282,0.63199,176.02,176.29,0.11468
145.76,151.54,0.24134,160.46,168.9,93.606,89.329,0.63195,176,176.3,0.11476
145.77,151.53,0.24145,160.51,168.8,93.637,89.374,0.63199,176,176.31,0.11482
145.7,151.51,0.24154,160.54,168.67,93.663,89.416,0.6321,176,176.33,0.11487
145.55,151.45,0.24162,160.53,168.51,93.683,89.454,0.63226,176.02,176.34,0.11489
145.3,151.34,0.24168,160.48,168.31,93.695,89.487,0.63244,176.06,176.37,0.11489
144.94,151.18,0.24173,160.39,168.08,93.7,89.514,0.63265,176.11,176.39,0.11486
144.44,150.93,0.24176,160.24,167.81,93.696,89.533,0.63285,176.17,176.42,0.1148
143.79,150.58,0.24178,160.03,167.51,93.685,89.544,0.63305,176.26,176.45,0.11471
142.97,150.12,0.2418,159.76,167.16,93.666,89.546,0.63325,176.35,176.49,0.11459
141.97,149.51,0.2418,159.43,166.78,93.64,89.539,0.63345,176.47,176.53,0.11444
140.78,148.74,0.2418,159.03,166.35,93.608,89.521,0.63365,176.59,176.57,0.11425
139.39,147.79,0.2418,158.57,165.88,93.571,89.495,0.63388,176.73,176.61,0.11404
137.78,146.63,0.24181,158.05,165.37,93.53,89.459,0.63413,176.88,176.66,0.1138
135.95,145.24,0.24182,157.48,164.81,93.487,89.416,0.63443,177.03,176.71,0.11355
133.91,143.6,0.24183,156.86,164.19,93.444,89.365,0.6348,177.19,176.76,0.11327
131.65,141.71,0.24184,156.2,163.52,93.401,89.309,0.63524,177.35,176.81,0.11299
129.17,139.53,0.24186,155.5,162.77,93.362,89.248,0.63576,177.5,176.85,0.11271
126.49,137.06,0.24187,154.78,161.95,93.327,89.185,0.63635,177.65,176.89,0.11242
123.62,134.29,0.24187,154.03,161.03,93.299,89.121,0.63701,177.78,176.93,0.11216
120.56,131.22,0.24187,153.26,160,93.277,89.057,0.63772,177.9,176.96,0.1119
117.35,127.84,0.24184,152.48,158.85,93.262,88.994,0.63846,178.01,176.98,0.11168
113.99,124.17,0.2418,151.7,157.58,93.256,88.932,0.63919,178.09,176.99,0.11148
110.52,120.22,0.24174,150.91,156.17,93.257,88.872,0.6399,178.16,176.99,0.11131
106.95,116.01,0.24165,150.13,154.64,93.264,88.814,0.64053,178.2,176.97,0.11117
103.31,111.55,0.24152,149.36,152.98,93.278,88.758,0.64108,178.22,176.94,0.11108
99.625,106.9,0.24137,148.62,151.22,93.297,88.703,0.6415,178.22,176.89,0.11102
95.92,102.08,0.24117,147.93,149.38,93.319,88.65,0.64179,178.19,176.82,0.111
92.219,97.13,0.24094,147.28,147.49,93.344,88.598,0.64193,178.14,176.74,0.11101
88.542,92.103,0.24066,146.71,145.58,93.37,88.546,0.64191,178.07,176.63,0.11106
84.907,87.044,0.24036,146.21,143.71,93.397,88.495,0.64173,177.98,176.51,0.11115
81.331,82.002,0.24002,145.81,141.92,93.424,88.446,0.6414,177.88,176.37,0.11127
77.825,77.024,0.23965,145.51,140.26,93.45,88.398,0.64095,177.76,176.22,0.11142
74.398,72.156,0.23927,145.33,138.78,93.476,88.352,0.64041,177.63,176.05,0.1116
71.055,67.438,0.23887,145.27,137.51,93.5,88.309,0.6398,177.5,175.87,0.1118
67.798,62.905,0.23847,145.33,136.51,93.524,88.269,0.63916,177.36,175.69,0.11202
64.627,58.586,0.23807,145.53,135.79,93.548,88.233,0.63855,177.22,175.5,0.11226
61.539,54.5,0.23769,145.85,135.38,93.572,88.203,0.63798,177.08,175.3,0.11251
58.528,50.658,0.23732,146.3,135.29,93.596,88.178,0.63751,176.94,175.11,0.11277
55.592,47.066,0.23698,146.88,135.53,93.622,88.159,0.63716,176.8,174.92,0.11304
52.726,43.721,0.23666,147.57,136.08,93.65,88.147,0.63695,176.67,174.74,0.1133
49.927,40.612,0.23636,148.37,136.93,93.681,88.142,0.63689,176.55,174.56,0.11356
47.194,37.728,0.23608,149.26,138.05,93.715,88.145,0.63697,176.44,174.4,0.11381
44.529,35.054,0.23582,150.23,139.4,93.752,88.155,0.6372,176.33,174.24,0.11406
41.932,32.575,0.23558,151.27,140.97,93.795,88.172,0.63755,176.23,174.09,0.11429
39.406,30.275,0.23535,152.36,142.7,93.841,88.197,0.638,176.14,173.96,0.11452
36.955,28.141,0.23513,153.48,144.57,93.891,88.227,0.63851,176.05,173.83,0.11473
34.582,26.16,0.23492,154.61,146.53,93.946,88.263,0.63905,175.97,173.72,0.11493
32.29,24.322,0.2347,155.74,148.56,94.003,88.304,0.63959,175.9,173.61,0.11512
30.083,22.615,0.23449,156.85,150.61,94.063,88.347,0.6401,175.82,173.52,0.1153
27.963,21.031,0.23426,157.93,152.65,94.123,88.392,0.64055,175.75,173.43,0.11547
25.929,19.559,0.23403,158.95,154.66,94.183,88.436,0.64092,175.67,173.36,0.11563
23.983,18.191,0.2338,159.91,156.62,94.241,88.48,0.64119,175.6,173.29,0.11578
22.121,16.917,0.23356,160.8,158.49,94.296,88.52,0.64137,175.53,173.24,0.11592
20.342,15.729,0.23331,161.6,160.27,94.347,88.557,0.64144,175.45,173.19,0.11606
18.64,14.619,0.23306,162.31,161.94,94.392,88.589,0.64142,175.38,173.15,0.11619
17.013,13.577,0.23281,162.93,163.51,94.432,88.615,0.64131,175.3,173.12,0.11632
15.454,12.596,0.23257,163.46,164.96,94.464,88.634,0.64112,175.23,173.1,0.11644
13.96,11.667,0.23234,163.89,166.29,94.489,88.647,0.64087,175.15,173.07,0.11655
12.524,10.782,0.23213,164.23,167.52,94.507,88.654,0.64056,175.08,173.05,0.11666
11.144,9.9338,0.23195,164.49,168.64,94.517,88.654,0.6402,175.01,173.03,0.11676
9.8139,9.1145,0.23181,164.67,169.66,94.522,88.649,0.63981,174.94,173.01,0.11685
8.5324,8.3174,0.2317,164.78,170.59,94.52,88.638,0.63939,174.88,172.99,0.11693
7.2972,7.5364,0.23163,164.83,171.42,94.513,88.622,0.63896,174.81,172.96,0.117
6.1074,6.7666,0.2316,164.83,172.18,94.501,88.603,0.63852,174.75,172.93,0.11706
4.9636,6.0038,0.23163,164.78,172.85,94.487,88.581,0.63809,174.69,172.89,0.11711
3.8673,5.2457,0.23169,164.7,173.45,94.47,88.556,0.63767,174.64,172.85,0.11715
2.8217,4.4914,0.2318,164.6,173.97,94.451,88.531,0.63726,174.58,172.81,0.11718
1.8313,3.7422,0.23194,164.48,174.42,94.432,88.506,0.63688,174.53,172.76,0.1172
0.90212,3.0014,0.23213,164.36,174.8,94.414,88.482,0.63654,174.48,172.7,0.11722
0.041972,2.2749,0.23234,164.23,175.11,94.398,88.459,0.63623,174.42,172.64,0.11723
-0.73986,1.571,0.23257,164.12,175.34,94.383,88.439,0.63597,174.37,172.58,0.11723
-1.4324,0.90101,0.23282,164.01,175.5,94.372,88.421,0.63576,174.33,172.51,0.11724
-2.023,0.27885,0.23308,163.92,175.57,94.363,88.406,0.6356,174.28,172.45,0.11724
-2.4974,-0.27853,0.23335,163.84,175.56,94.359,88.395,0.63549,174.24,172.38,0.11724
-2.8399,-0.75142,0.23362,163.77,175.46,94.359,88.387,0.63544,174.21,172.31,0.11725
-3.0336,-1.1174,0.23388,163.72,175.26,94.363,88.384,0.63545,174.17,172.24,0.11725
-3.0603,-1.3518,0.23414,163.67,174.96,94.372,88.384,0.6355,174.15,172.18,0.11726
-2.9012,-1.4278,0.2344,163.63,174.55,94.385,88.389,0.63559,174.13,172.11,0.11728
-2.5372,-1.3174,0.23464,163.6,174.05,94.403,88.396,0.63572,174.11,172.05,0.1173
-1.9496,-0.99176,0.23487,163.55,173.44,94.424,88.408,0.63588,174.11,171.99,0.11733
-1.1203,-0.4225,0.23509,163.5,172.74,94.45,88.422,0.63604,174.11,171.94,0.11735
-0.033137,0.41768,0.23529,163.43,171.94,94.478,88.439,0.63619,174.12,171.89,0.11738
1.3262,1.5537,0.23547,163.34,171.06,94.509,88.458,0.63632,174.13,171.85,0.11741
2.969,3.0068,0.23564,163.22,170.1,94.541,88.478,0.63641,174.15,171.82,0.11743
4.9029,4.7939,0.23579,163.07,169.09,94.575,88.499,0.63642,174.17,171.79,0.11744
7.1317,6.9257,0.23592,162.89,168.03,94.608,88.52,0.63636,174.2,171.77,0.11744
9.6544,9.4065,0.23603,162.67,166.94,94.639,88.54,0.63619,174.24,171.77,0.11743
12.465,12.233,0.23612,162.42,165.84,94.668,88.558,0.63592,174.27,171.77,0.1174
15.554,15.393,0.23618,162.13,164.75,94.694,88.575,0.63552,174.31,171.79,0.11734
18.904,18.868,0.23621,161.81,163.69,94.714,88.589,0.635,174.35,171.83,0.11726
22.495,22.63,0.23622,161.47,162.66,94.729,88.6,0.63436,174.39,171.88,0.11715
26.303,26.644,0.23619,161.12,161.7,94.737,88.607,0.63361,174.44,171.94,0.11701
30.297,30.869,0.23615,160.76,160.81,94.737,88.611,0.63277,174.49,172.03,0.11683
34.447,35.259,0.23607,160.41,160.02,94.73,88.611,0.63186,174.54,172.13,0.11662
38.718,39.764,0.23598,160.08,159.33,94.716,88.609,0.63091,174.6,172.25,0.11638
43.073,44.333,0.23586,159.78,158.77,94.693,88.605,0.62994,174.66,172.39,0.11609
47.477,48.915,0.23574,159.53,158.33,94.664,88.599,0.62901,174.73,172.55,0.11578
51.893,53.463,0.23561,159.33,158.04,94.628,88.592,0.62816,174.81,172.72,0.11543
56.288,57.933,0.23548,159.2,157.9,94.587,88.585,0.62741,174.9,172.9,0.11505
60.627,62.29,0.23536,159.14,157.91,94.542,88.58,0.62682,175,173.11,0.11465
64.883,66.505,0.23525,159.16,158.09,94.493,88.577,0.6264,175.12,173.32,0.11421
69.029,70.558,0.23516,159.25,158.42,94.442,88.577,0.62617,175.24,173.54,0.11376
73.044,74.437,0.23508,159.42,158.9,94.391,88.582,0.62615,175.39,173.77,0.11329
76.912,78.137,0.23501,159.66,159.51,94.341,88.592,0.62633,175.54,174,0.11281
80.62,81.66,0.23496,159.96,160.24,94.292,88.607,0.62669,175.71,174.23,0.11232
84.16,85.012,0.23493,160.3,161.07,94.247,88.629,0.62721,175.89,174.46,0.11184
87.528,88.201,0.23491,160.69,161.97,94.205,88.657,0.62787,176.08,174.68,0.11136
90.724,91.239,0.2349,161.12,162.92,94.168,88.692,0.62864,176.28,174.9,0.11089
93.747,94.137,0.2349,161.56,163.9,94.136,88.732,0.62948,176.5,175.11,0.11044
96.603,96.909,0.23492,162.01,164.87,94.108,88.776,0.63038,176.71,175.3,0.11002
99.297,99.566,0.23494,162.46,165.83,94.085,88.825,0.63129,176.93,175.48,0.10962
101.84,102.12,0.23496,162.91,166.76,94.065,88.876,0.6322,177.16,175.65,0.10926
104.23,104.59,0.235,163.35,167.63,94.049,88.928,0.63308,177.38,175.8,0.10894
106.5,106.97,0.23503,163.76,168.45,94.036,88.979,0.63391,177.59,175.94,0.10865
108.64,109.28,0.23508,164.14,169.19,94.023,89.027,0.63468,177.8,176.06,0.1084
110.67,111.53,0.23512,164.5,169.85,94.012,89.072,0.63538,178,176.17,0.10819
112.61,113.7,0.23518,164.81,170.43,93.999,89.112,0.636,178.19,176.26,0.10802
114.45,115.82,0.23524,165.09,170.92,93.986,89.144,0.63654,178.37,176.35,0.10789
116.22,117.87,0.23531,165.32,171.32,93.971,89.17,0.63699,178.53,176.43,0.1078
117.91,119.85,0.23539,165.51,171.63,93.954,89.188,0.63736,178.68,176.5,0.10774
119.53,121.77,0.23549,165.64,171.86,93.935,89.198,0.63765,178.81,176.56,0.10772
121.08,123.6,0.23561,165.74,172.01,93.914,89.201,0.63786,178.93,176.63,0.10773
122.58,125.37,0.23575,165.78,172.09,93.891,89.197,0.63801,179.02,176.69,0.10778
124.01,127.04,0.23592,165.79,172.09,93.868,89.187,0.6381,179.1,176.74,0.10785
125.37,128.63,0.2361,165.75,172.02,93.845,89.173,0.63813,179.15,176.8,0.10796
126.68,130.13,0.23631,165.68,171.89,93.823,89.157,0.63812,179.18,176.86,0.10809
127.92,131.53,0.23654,165.58,171.7,93.803,89.14,0.63808,179.19,176.91,0.10824
129.09,132.84,0.23678,165.45,171.47,93.786,89.124,0.638,179.18,176.97,0.10842
130.19,134.06,0.23703,165.3,171.18,93.774,89.111,0.63791,179.15,177.02,0.10862
131.24,135.19,0.23727,165.14,170.85,93.766,89.103,0.63779,179.1,177.07,0.10883
132.22,136.24,0.23751,164.97,170.49,93.764,89.1,0.63767,179.04,177.12,0.10907
133.14,137.21,0.23773,164.81,170.1,93.768,89.104,0.63754,178.95,177.16,0.10931
134,138.11,0.23794,164.64,169.67,93.778,89.116,0.6374,178.86,177.19,0.10957
134.81,138.95,0.23811,164.49,169.22,93.795,89.137,0.63726,178.75,177.22,0.10983
135.58,139.74,0.23825,164.35,168.75,93.818,89.166,0.63713,178.63,177.23,0.11011
136.3,140.5,0.23836,164.24,168.25,93.847,89.204,0.63699,178.51,177.24,0.11039
136.98,141.23,0.23843,164.14,167.72,93.883,89.249,0.63685,178.38,177.24,0.11068
137.63,141.95,0.23847,164.07,167.17,93.923,89.302,0.63671,178.25,177.23,0.11097
138.25,142.66,0.23848,164.02,166.59,93.968,89.361,0.63657,178.12,177.21,0.11126
138.84,143.37,0.23845,163.99,165.97,94.016,89.425,0.63644,178,177.18,0.11155
139.39,144.1,0.2384,163.99,165.32,94.067,89.493,0.6363,177.89,177.14,0.11184
139.93,144.84,0.23834,164.01,164.63,94.119,89.563,0.63617,177.78,177.09,0.11212
140.43,145.61,0.23826,164.04,163.89,94.171,89.634,0.63605,177.68,177.03,0.11238
140.9,146.39,0.23818,164.08,163.09,94.222,89.704,0.63593,177.59,176.97,0.11264
141.34,147.2,0.2381,164.14,162.24,94.272,89.773,0.63582,177.5,176.91,0.11287
141.75,148.03,0.23803,164.19,161.33,94.32,89.84,0.63571,177.43,176.84,0.11309
142.12,148.87,0.23797,164.25,160.36,94.366,89.904,0.63563,177.37,176.76,0.11329
142.45,149.71,0.23793,164.3,159.34,94.41,89.965,0.63556,177.31,176.69,0.11347
142.75,150.56,0.23791,164.35,158.27,94.453,90.023,0.6355,177.27,176.62,0.11363
143.01,151.39,0.2379,164.38,157.16,94.494,90.078,0.63547,177.23,176.54,0.11377
143.23,152.21,0.23792,164.4,156.04,94.534,90.13,0.63545,177.2,176.47,0.11389
143.41,152.99,0.23794,164.41,154.93,94.573,90.179,0.63545,177.18,176.41,0.11399
143.57,153.73,0.23799,164.41,153.85,94.612,90.225,0.63547,177.16,176.34,0.11407
143.7,154.42,0.23804,164.39,152.83,94.651,90.269,0.6355,177.15,176.28,0.11414
143.81,155.03,0.23811,164.37,151.92,94.688,90.309,0.63554,177.14,176.22,0.1142
143.9,155.56,0.23819,164.34,151.14,94.725,90.347,0.6356,177.14,176.17,0.11424
143.98,156.01,0.23828,164.31,150.52,94.761,90.381,0.63565,177.14,176.12,0.11427
144.06,156.35,0.23838,164.28,150.1,94.796,90.412,0.63571,177.15,176.07,0.11428
144.14,156.59,0.23849,164.26,149.87,94.828,90.44,0.63576,177.16,176.03,0.1143
144.22,156.71,0.23859,164.25,149.87,94.857,90.464,0.6358,177.17,176,0.1143
144.31,156.73,0.23871,164.25,150.1,94.883,90.483,0.63582,177.19,175.97,0.1143
144.41,156.65,0.23881,164.26,150.54,94.905,90.499,0.63582,177.21,175.94,0.11429
144.52,156.46,0.23892,164.3,151.2,94.922,90.51,0.63578,177.23,175.92,0.11428
144.64,156.18,0.23902,164.35,152.05,94.935,90.516,0.63571,177.26,175.9,0.11427
144.78,155.82,0.23911,164.42,153.08,94.943,90.52,0.6356,177.28,175.89,0.11426
144.92,155.39,0.23919,164.51,154.26,94.947,90.519,0.63546,177.31,175.88,0.11425
145.08,154.91,0.23927,164.61,155.54,94.947,90.516,0.63528,177.34,175.88,0.11424
145.24,154.39,0.23934,164.73,156.91,94.943,90.51,0.63508,177.37,175.88,0.11423
145.4,153.85,0.2394,164.86,158.32,94.937,90.503,0.63486,177.4,175.89,0.11422
145.57,153.31,0.23947,165,159.74,94.928,90.496,0.63465,177.42,175.9,0.11421
145.73,152.78,0.23955,165.14,161.13,94.918,90.488,0.63443,177.44,175.92,0.1142
145.88,152.28,0.23963,165.29,162.48,94.907,90.48,0.63424,177.46,175.94,0.11419
146.03,151.82,0.23972,165.44,163.74,94.896,90.473,0.63407,177.48,175.96,0.11418
146.16,151.4,0.23982,165.58,164.92,94.885,90.466,0.63393,177.49,175.98,0.11418
146.27,151.03,0.23992,165.72,165.98,94.875,90.461,0.63384,177.5,176.01,0.11416
146.36,150.72,0.24003,165.84,166.93,94.865,90.456,0.6338,177.5,176.03,0.11415
146.43,150.47,0.24014,165.95,167.75,94.855,90.451,0.63381,177.49,176.05,0.11413
146.47,150.27,0.24025,166.05,168.46,94.845,90.447,0.63389,177.48,176.07,0.11411
146.49,150.12,0.24035,166.13,169.05,94.834,90.442,0.63403,177.46,176.08,0.11409
146.48,150.01,0.24043,166.2,169.53,94.823,90.436,0.63424,177.44,176.09,0.11406
146.45,149.95,0.24051,166.25,169.92,94.81,90.428,0.63452,177.41,176.1,0.11402
146.39,149.92,0.24056,166.28,170.21,94.795,90.419,0.63487,177.38,176.11,0.11398
146.32,149.93,0.2406,166.29,170.42,94.779,90.409,0.63527,177.35,176.11,0.11394
146.22,149.96,0.24061,166.3,170.57,94.76,90.396,0.63573,177.31,176.11,0.11389
146.11,150,0.24059,166.29,170.67,94.738,90.381,0.63623,177.28,176.11,0.11385
145.98,150.07,0.24055,166.27,170.72,94.715,90.365,0.63676,177.24,176.11,0.11379
145.84,150.14,0.24048,166.25,170.73,94.689,90.348,0.6373,177.2,176.12,0.11374
145.7,150.22,0.24038,166.22,170.72,94.662,90.331,0.63786,177.16,176.12,0.11369
145.56,150.31,0.24026,166.18,170.69,94.633,90.313,0.6384,177.11,176.12,0.11364
145.41,150.4,0.24013,166.15,170.65,94.604,90.296,0.63893,177.07,176.13,0.11359
145.27,150.5,0.23998,166.12,170.6,94.575,90.281,0.63943,177.03,176.14,0.11355
145.14,150.6,0.23982,166.09,170.56,94.546,90.266,0.6399,176.99,176.15,0.11351
145.02,150.7,0.23967,166.06,170.52,94.518,90.253,0.64033,176.95,176.16,0.11348
144.91,150.81,0.23952,166.04,170.48,94.491,90.242,0.64072,176.91,176.17,0.11345
144.82,150.93,0.23939,166.02,170.45,94.465,90.233,0.64106,176.87,176.18,0.11343
144.74,151.06,0.23926,166,170.42,94.441,90.226,0.64136,176.84,176.19,0.11342
144.69,151.2,0.23915,165.98,170.41,94.419,90.221,0.64162,176.8,176.21,0.11342
144.66,151.35,0.23904,165.96,170.39,94.399,90.217,0.64185,176.76,176.22,0.11342
144.65,151.52,0.23895,165.93,170.38,94.38,90.215,0.64203,176.72,176.23,0.11343
144.66,151.7,0.23886,165.9,170.37,94.363,90.214,0.64217,176.68,176.24,0.11345
144.69,151.89,0.23878,165.86,170.36,94.346,90.212,0.64227,176.65,176.25,0.11348
144.73,152.1,0.2387,165.8,170.34,94.329,90.211,0.64233,176.61,176.27,0.11352
144.79,152.31,0.23862,165.71,170.31,94.313,90.21,0.64235,176.58,176.28,0.11356
144.85,152.52,0.23855,165.6,170.27,94.295,90.207,0.64233,176.54,176.29,0.1136
144.91,152.73,0.23848,165.47,170.21,94.275,90.203,0.64225,176.52,176.3,0.11365
144.95,152.93,0.23843,165.29,170.13,94.252,90.197,0.64213,176.5,176.31,0.1137
144.96,153.09,0.23838,165.08,170.02,94.225,90.187,0.64195,176.48,176.32,0.11375
144.92,153.2,0.23836,164.82,169.88,94.195,90.173,0.64171,176.48,176.34,0.1138
144.82,153.25,0.23835,164.52,169.7,94.159,90.155,0.64141,176.48,176.35,0.11385
144.62,153.21,0.23837,164.18,169.49,94.118,90.132,0.64105,176.49,176.37,0.1139
144.32,153.07,0.23842,163.78,169.23,94.072,90.102,0.64064,176.52,176.39,0.11393
143.88,152.78,0.23849,163.34,168.92,94.02,90.066,0.64018,176.55,176.42,0.11396
143.29,152.34,0.2386,162.85,168.57,93.962,90.023,0.63968,176.6,176.45,0.11398
142.51,151.72,0.23874,162.32,168.16,93.9,89.973,0.63915,176.66,176.48,0.11398
141.54,150.88,0.2389,161.76,167.7,93.833,89.915,0.6386,176.74,176.52,0.11397
140.35,149.8,0.23908,161.17,167.18,93.762,89.85,0.63805,176.82,176.56,0.11394
138.92,148.47,0.23928,160.55,166.61,93.689,89.778,0.63753,176.91,176.61,0.11389
137.25,146.86,0.23948,159.92,165.97,93.615,89.698,0.63706,177.01,176.66,0.11382
135.32,144.96,0.23968,159.29,165.28,93.541,89.613,0.63664,177.11,176.71,0.11373
133.14,142.75,0.23987,158.67,164.52,93.469,89.522,0.63632,177.21,176.77,0.11362
130.7,140.23,0.24005,158.06,163.7,93.401,89.427,0.6361,177.32,176.83,0.1135
128.02,137.4,0.2402,157.47,162.81,93.339,89.33,0.636,177.41,176.89,0.11335
125.11,134.25,0.24032,156.91,161.85,93.284,89.232,0.63602,177.5,176.95,0.1132
121.98,130.79,0.24041,156.38,160.81,93.237,89.133,0.63616,177.58,177.01,0.11303
118.66,127.04,0.24046,155.88,159.7,93.201,89.037,0.63642,177.64,177.07,0.11286
115.16,123.02,0.24047,155.41,158.52,93.174,88.943,0.63678,177.68,177.12,0.11269
111.51,118.75,0.24044,154.97,157.27,93.159,88.853,0.63721,177.71,177.16,0.11253
107.75,114.25,0.24037,154.55,155.96,93.153,88.768,0.63769,177.72,177.19,0.11237
103.89,109.57,0.24026,154.16,154.61,93.158,88.689,0.6382,177.71,177.21,0.11223
99.967,104.74,0.24012,153.8,153.22,93.172,88.616,0.63869,177.68,177.22,0.11212
95.997,99.792,0.23996,153.47,151.83,93.194,88.55,0.63916,177.63,177.22,0.11203
92.002,94.773,0.23977,153.17,150.46,93.222,88.491,0.63959,177.57,177.2,0.11197
88,89.723,0.23957,152.91,149.13,93.257,88.438,0.63995,177.5,177.17,0.11195
84.005,84.681,0.23935,152.7,147.88,93.296,88.393,0.64024,177.41,177.12,0.11196
80.028,79.684,0.23913,152.55,146.73,93.339,88.355,0.64047,177.32,177.05,0.112
76.077,74.77,0.23889,152.47,145.71,93.384,88.323,0.64063,177.22,176.97,0.11209
72.158,69.969,0.23864,152.46,144.84,93.43,88.299,0.64073,177.12,176.87,0.1122
68.277,65.309,0.23838,152.55,144.15,93.477,88.28,0.64079,177.03,176.76,0.11234
64.439,60.815,0.2381,152.74,143.64,93.524,88.267,0.64082,176.93,176.63,0.11251
60.649,56.505,0.23781,153.04,143.33,93.571,88.26,0.64083,176.85,176.48,0.11271
56.914,52.397,0.2375,153.45,143.25,93.617,88.258,0.64083,176.77,176.32,0.11292
53.243,48.503,0.23718,153.97,143.38,93.662,88.261,0.64082,176.69,176.14,0.11315
49.645,44.835,0.23683,154.61,143.74,93.707,88.267,0.64081,176.63,175.96,0.11339
46.134,41.398,0.23646,155.34,144.32,93.752,88.277,0.64081,176.57,175.76,0.11364
42.723,38.2,0.23607,156.16,145.12,93.796,88.29,0.6408,176.52,175.55,0.1139
39.425,35.242,0.23565,157.05,146.13,93.841,88.306,0.6408,176.47,175.34,0.11415
36.253,32.524,0.23521,158,147.34,93.886,88.323,0.64078,176.43,175.11,0.11441
33.22,30.042,0.23475,158.97,148.72,93.931,88.341,0.64075,176.4,174.89,0.11465
30.336,27.791,0.23427,159.96,150.26,93.976,88.36,0.64069,176.37,174.67,0.11489
27.61,25.761,0.23376,160.94,151.92,94.022,88.38,0.64061,176.34,174.45,0.11511
25.049,23.94,0.23324,161.9,153.68,94.067,88.398,0.6405,176.31,174.23,0.11533
22.654,22.313,0.2327,162.82,155.5,94.111,88.415,0.64036,176.29,174.02,0.11552
20.428,20.862,0.23216,163.67,157.36,94.154,88.43,0.64018,176.27,173.82,0.11571
18.367,19.569,0.2316,164.46,159.22,94.194,88.442,0.63998,176.25,173.63,0.11587
16.469,18.415,0.23105,165.17,161.05,94.231,88.451,0.63975,176.23,173.46,0.11603
14.724,17.378,0.2305,165.8,162.84,94.265,88.456,0.63951,176.22,173.3,0.11616
13.125,16.438,0.22997,166.34,164.54,94.294,88.457,0.63924,176.2,173.16,0.11628
11.661,15.575,0.22948,166.8,166.15,94.318,88.454,0.63897,176.18,173.03,0.11639
10.32,14.77,0.22902,167.17,167.65,94.337,88.447,0.6387,176.17,172.92,0.11649
9.0893,14.006,0.22862,167.46,169.03,94.351,88.436,0.63843,176.15,172.83,0.11657
7.9563,13.267,0.22827,167.68,170.28,94.36,88.422,0.63818,176.13,172.74,0.11664
6.9086,12.54,0.22798,167.83,171.4,94.364,88.406,0.63794,176.11,172.68,0.11671
5.9346,11.814,0.22776,167.93,172.38,94.364,88.388,0.63772,176.09,172.62,0.11676
5.0241,11.083,0.22762,167.98,173.23,94.362,88.369,0.63753,176.07,172.58,0.11681
4.169,10.342,0.22754,168,173.94,94.356,88.35,0.63735,176.04,172.54,0.11686
3.3633,9.5918,0.22753,167.98,174.51,94.349,88.332,0.63721,176.02,172.51,0.1169
2.6037,8.8366,0.22759,167.94,174.96,94.342,88.316,0.63708,175.99,172.49,0.11695
1.8898,8.0843,0.22771,167.88,175.29,94.334,88.302,0.63697,175.96,172.48,0.11699
1.2242,7.3471,0.22789,167.81,175.49,94.327,88.29,0.63688,175.93,172.47,0.11703
0.61305,6.6412,0.22813,167.73,175.59,94.321,88.282,0.6368,175.9,172.46,0.11707
0.065331,5.9867,0.22841,167.64,175.58,94.317,88.276,0.63674,175.87,172.46,0.11712
-0.40658,5.4069,0.22874,167.53,175.47,94.316,88.273,0.6367,175.83,172.45,0.11716
-0.78729,4.9284,0.2291,167.41,175.27,94.316,88.274,0.63667,175.79,172.46,0.11721
-1.0586,4.5798,0.2295,167.27,174.98,94.319,88.276,0.63667,175.76,172.46,0.11726
-1.1999,4.3916,0.22992,167.09,174.61,94.324,88.281,0.63669,175.72,172.47,0.1173
-1.1885,4.3949,0.23036,166.89,174.18,94.331,88.287,0.63673,175.68,172.47,0.11734
-1.0003,4.6206,0.23082,166.63,173.68,94.339,88.293,0.6368,175.64,172.48,0.11738
-0.61083,5.0984,0.23129,166.33,173.12,94.347,88.299,0.63691,175.59,172.5,0.1174
0.0043955,5.8554,0.23177,165.97,172.51,94.356,88.303,0.63704,175.55,172.51,0.11742
0.86851,6.9152,0.23227,165.55,171.85,94.363,88.306,0.6372,175.5,172.54,0.11742
2.0024,8.2966,0.23276,165.05,171.17,94.368,88.306,0.63738,175.45,172.56,0.1174
3.4234,10.012,0.23325,164.49,170.45,94.37,88.303,0.63759,175.4,172.6,0.11736
5.1447,12.069,0.23374,163.86,169.72,94.367,88.295,0.63781,175.35,172.64,0.1173
7.1739,14.464,0.23422,163.15,168.98,94.359,88.283,0.63803,175.3,172.69,0.1172
9.5126,17.19,0.23469,162.39,168.25,94.345,88.266,0.63825,175.26,172.75,0.11708
12.156,20.229,0.23513,161.57,167.53,94.322,88.244,0.63846,175.22,172.83,0.11692
15.091,23.558,0.23555,160.71,166.85,94.292,88.217,0.63866,175.18,172.91,0.11673
18.301,27.144,0.23593,159.82,166.2,94.252,88.184,0.63882,175.15,173.01,0.1165
21.759,30.953,0.23627,158.92,165.6,94.203,88.147,0.63896,175.13,173.12,0.11623
25.435,34.946,0.23658,158.03,165.07,94.144,88.106,0.63907,175.12,173.24,0.11593
29.293,39.079,0.23683,157.16,164.6,94.077,88.062,0.63915,175.12,173.37,0.11559
33.294,43.313,0.23703,156.34,164.2,94,88.016,0.6392,175.14,173.52,0.11522
37.397,47.606,0.23718,155.59,163.87,93.915,87.967,0.63924,175.17,173.67,0.11482
41.56,51.923,0.23728,154.94,163.63,93.824,87.918,0.63926,175.22,173.83,0.1144
45.74,56.229,0.23733,154.38,163.46,93.726,87.87,0.63929,175.29,174,0.11396
49.898,60.498,0.23734,153.95,163.36,93.623,87.821,0.63934,175.37,174.17,0.1135
53.998,64.707,0.23732,153.64,163.35,93.516,87.774,0.6394,175.46,174.34,0.11303
58.009,68.839,0.23727,153.46,163.4,93.407,87.729,0.63949,175.58,174.52,0.11255
61.905,72.88,0.2372,153.41,163.53,93.296,87.685,0.63962,175.7,174.69,0.11208
65.671,76.82,0.23712,153.48,163.71,93.184,87.643,0.63977,175.85,174.86,0.11161
69.293,80.65,0.23704,153.66,163.95,93.072,87.602,0.63995,176,175.03,0.11115
72.767,84.364,0.23695,153.94,164.24,92.96,87.564,0.64014,176.17,175.19,0.11071
76.092,87.956,0.23687,154.31,164.56,92.851,87.526,0.64033,176.35,175.34,0.11029
79.274,91.421,0.23679,154.76,164.91,92.743,87.49,0.6405,176.54,175.48,0.1099
82.318,94.756,0.23673,155.27,165.27,92.639,87.455,0.64065,176.73,175.62,0.10953
85.235,97.957,0.23667,155.83,165.65,92.538,87.421,0.64076,176.93,175.74,0.1092
88.036,101.02,0.23661,156.43,166.02,92.441,87.389,0.64082,177.13,175.85,0.1089
90.734,103.95,0.23656,157.05,166.39,92.35,87.358,0.64082,177.32,175.94,0.10863
93.341,106.74,0.23651,157.68,166.74,92.265,87.331,0.64077,177.52,176.03,0.10841
95.87,109.39,0.23647,158.31,167.07,92.187,87.307,0.64067,177.7,176.1,0.10822
98.331,111.9,0.23642,158.92,167.38,92.117,87.287,0.64052,177.89,176.17,0.10807
100.73,114.27,0.23638,159.51,167.64,92.056,87.272,0.64034,178.06,176.22,0.10796
103.09,116.52,0.23632,160.06,167.87,92.005,87.263,0.64013,178.21,176.27,0.10788
105.39,118.64,0.23627,160.58,168.06,91.965,87.261,0.6399,178.36,176.32,0.10785
107.66,120.63,0.23622,161.04,168.2,91.936,87.267,0.63965,178.48,176.36,0.10785
109.88,122.51,0.23616,161.47,168.3,91.919,87.281,0.63941,178.59,176.4,0.10789
112.06,124.27,0.2361,161.84,168.35,91.914,87.304,0.63917,178.67,176.44,0.10797
114.19,125.93,0.23605,162.17,168.34,91.923,87.336,0.63894,178.74,176.48,0.10808
116.27,127.48,0.236,162.46,168.29,91.944,87.378,0.63873,178.78,176.52,0.10822
118.29,128.94,0.23595,162.72,168.2,91.979,87.429,0.63854,178.8,176.57,0.10839
120.26,130.3,0.23591,162.94,168.06,92.026,87.489,0.63836,178.79,176.61,0.1086
122.16,131.57,0.23587,163.14,167.89,92.087,87.559,0.63821,178.76,176.65,0.10884
123.99,132.76,0.23584,163.32,167.69,92.159,87.638,0.63809,178.71,176.7,0.1091
125.74,133.87,0.23582,163.48,167.46,92.242,87.724,0.63799,178.64,176.74,0.10939
127.4,134.91,0.23581,163.64,167.22,92.335,87.818,0.6379,178.56,176.77,0.10971
128.99,135.88,0.2358,163.8,166.98,92.436,87.919,0.63784,178.45,176.8,0.11004
130.48,136.79,0.23581,163.95,166.74,92.544,88.024,0.63779,178.34,176.82,0.11039
131.88,137.64,0.23582,164.1,166.51,92.657,88.134,0.63776,178.22,176.84,0.11075
133.19,138.43,0.23585,164.26,166.31,92.774,88.247,0.63775,178.09,176.85,0.11112
134.4,139.18,0.23588,164.42,166.15,92.891,88.362,0.63774,177.96,176.84,0.1115
135.52,139.89,0.23593,164.59,166.03,93.008,88.476,0.63775,177.83,176.83,0.11188
136.54,140.56,0.23599,164.75,165.95,93.122,88.59,0.63777,177.7,176.81,0.11225
137.48,141.19,0.23606,164.92,165.93,93.232,88.701,0.6378,177.58,176.78,0.11261
138.32,141.8,0.23614,165.08,165.97,93.337,88.808,0.63783,177.47,176.75,0.11296
139.09,142.38,0.23623,165.24,166.05,93.435,88.91,0.63788,177.36,176.71,0.1133
139.77,142.93,0.23633,165.39,166.19,93.525,89.007,0.63793,177.26,176.66,0.11362
140.37,143.46,0.23644,165.54,166.37,93.607,89.096,0.63799,177.18,176.62,0.11392
140.91,143.96,0.23657,165.67,166.58,93.681,89.179,0.63806,177.1,176.57,0.1142
141.37,144.45,0.23671,165.8,166.82,93.745,89.253,0.63814,177.04,176.52,0.11445
141.78,144.91,0.23686,165.91,167.09,93.801,89.319,0.63822,176.99,176.48,0.11467
142.13,145.36,0.23702,166.01,167.36,93.849,89.376,0.63832,176.94,176.43,0.11487
142.42,145.79,0.23719,166.09,167.63,93.889,89.425,0.63842,176.91,176.4,0.11504
142.67,146.2,0.23738,166.16,167.91,93.921,89.466,0.63854,176.88,176.36,0.11519
142.87,146.59,0.23757,166.22,168.17,93.947,89.499,0.63866,176.87,176.33,0.11531
143.03,146.97,0.23777,166.26,168.41,93.966,89.524,0.63878,176.86,176.31,0.11541
143.15,147.32,0.23796,166.29,168.64,93.98,89.542,0.63892,176.85,176.29,0.11549
143.24,147.66,0.23815,166.32,168.85,93.989,89.553,0.63906,176.85,176.27,0.11555
143.29,147.99,0.23832,166.33,169.03,93.993,89.558,0.63921,176.85,176.26,0.11559
143.32,148.29,0.23848,166.34,169.19,93.993,89.557,0.63938,176.85,176.25,0.11561
143.32,148.58,0.23861,166.33,169.32,93.989,89.551,0.63956,176.86,176.25,0.11562
143.29,148.85,0.23871,166.33,169.43,93.981,89.541,0.63977,176.86,176.24,0.11562
143.24,149.11,0.23877,166.32,169.52,93.971,89.527,0.64,176.86,176.23,0.11562
143.17,149.35,0.23879,166.3,169.59,93.957,89.509,0.64027,176.86,176.23,0.11561
143.08,149.58,0.23878,166.28,169.64,93.94,89.489,0.64056,176.85,176.22,0.11559
142.98,149.79,0.23872,166.26,169.68,93.922,89.467,0.64089,176.84,176.21,0.11557
142.87,150,0.23862,166.24,169.71,93.901,89.444,0.64124,176.82,176.2,0.11555
142.75,150.19,0.23849,166.21,169.73,93.88,89.42,0.64162,176.8,176.19,0.11553
142.63,150.36,0.23833,166.19,169.75,93.857,89.397,0.64202,176.78,176.18,0.11551
142.52,150.54,0.23814,166.16,169.77,93.834,89.374,0.64243,176.74,176.17,0.11549
142.41,150.7,0.23793,166.13,169.78,93.812,89.352,0.64284,176.71,176.15,0.11547
142.32,150.87,0.23771,166.1,169.8,93.79,89.332,0.64325,176.67,176.13,0.11546
142.24,151.03,0.23748,166.06,169.83,93.769,89.314,0.64364,176.63,176.12,0.11545
142.19,151.2,0.23726,166.03,169.85,93.75,89.299,0.64401,176.58,176.1,0.11544
142.16,151.37,0.23705,165.99,169.89,93.733,89.287,0.64436,176.54,176.07,0.11543
142.17,151.55,0.23686,165.95,169.93,93.719,89.279,0.64466,176.49,176.05,0.11543
142.21,151.75,0.2367,165.92,169.97,93.707,89.274,0.64493,176.45,176.03,0.11543
142.28,151.96,0.23656,165.89,170.03,93.699,89.274,0.64515,176.41,176.01,0.11544
142.38,152.18,0.23646,165.86,170.09,93.693,89.277,0.64532,176.37,175.99,0.11545
142.51,152.42,0.23639,165.83,170.15,93.69,89.284,0.64544,176.33,175.97,0.11546
142.67,152.67,0.23636,165.81,170.21,93.69,89.295,0.64549,176.31,175.95,0.11548
142.84,152.93,0.23638,165.78,170.27,93.691,89.308,0.64547,176.29,175.93,0.1155
143.02,153.19,0.23644,165.76,170.33,93.692,89.323,0.64537,176.28,175.91,0.11552
143.2,153.43,0.23654,165.74,170.38,93.694,89.34,0.64517,176.27,175.9,0.11554
143.35,153.66,0.23667,165.71,170.41,93.693,89.356,0.64486,176.28,175.89,0.11555
143.46,153.84,0.23684,165.66,170.41,93.69,89.371,0.64444,176.3,175.89,0.11557
143.5,153.95,0.23705,165.6,170.38,93.682,89.383,0.64389,176.33,175.89,0.11558
143.46,153.99,0.23727,165.5,170.32,93.67,89.39,0.64319,176.37,175.9,0.11557
143.31,153.91,0.23752,165.38,170.2,93.651,89.393,0.64235,176.42,175.91,0.11556
143.01,153.7,0.23777,165.22,170.02,93.625,89.388,0.64137,176.49,175.92,0.11553
142.55,153.33,0.23803,165.01,169.77,93.592,89.376,0.64025,176.56,175.94,0.11549
141.9,152.76,0.23828,164.75,169.45,93.551,89.354,0.63899,176.65,175.97,0.11542
141.02,151.96,0.23853,164.43,169.04,93.502,89.324,0.63763,176.75,176,0.11533
139.9,150.91,0.23876,164.05,168.54,93.446,89.283,0.63618,176.85,176.03,0.11521
138.51,149.57,0.23898,163.62,167.94,93.384,89.233,0.63468,176.97,176.06,0.11507
136.84,147.94,0.23917,163.11,167.23,93.318,89.173,0.63318,177.09,176.1,0.1149
134.88,145.98,0.23933,162.55,166.41,93.248,89.105,0.63171,177.21,176.14,0.1147
132.61,143.68,0.23946,161.93,165.49,93.176,89.028,0.63033,177.34,176.18,0.11448
130.04,141.03,0.23957,161.24,164.46,93.104,88.945,0.6291,177.46,176.23,0.11423
127.18,138.04,0.23964,160.5,163.32,93.035,88.857,0.62807,177.58,176.26,0.11395
124.03,134.71,0.23967,159.71,162.09,92.97,88.765,0.62728,177.69,176.3,0.11366
120.62,131.05,0.23968,158.87,160.75,92.911,88.672,0.62677,177.79,176.33,0.11336
116.98,127.07,0.23965,157.99,159.34,92.859,88.578,0.62657,177.88,176.36,0.11305
113.13,122.82,0.23959,157.07,157.85,92.816,88.486,0.62667,177.95,176.38,0.11275
109.11,118.32,0.2395,156.12,156.3,92.782,88.396,0.62707,178.01,176.39,0.11245
104.96,113.61,0.23938,155.14,154.71,92.757,88.31,0.6277,178.06,176.39,0.11216
100.7,108.74,0.23924,154.16,153.1,92.742,88.228,0.62853,178.08,176.38,0.1119
96.396,103.75,0.23909,153.17,151.49,92.736,88.152,0.62949,178.09,176.37,0.11166
92.067,98.692,0.23892,152.2,149.91,92.739,88.082,0.6305,178.08,176.34,0.11146
87.751,93.612,0.23874,151.28,148.39,92.751,88.019,0.63152,178.05,176.3,0.1113
83.478,88.559,0.23854,150.41,146.95,92.77,87.963,0.63249,178.01,176.25,0.11117
79.276,83.577,0.23834,149.62,145.64,92.796,87.913,0.63338,177.96,176.2,0.1111
75.167,78.707,0.23813,148.94,144.47,92.827,87.871,0.63416,177.89,176.13,0.11107
71.17,73.984,0.23791,148.4,143.49,92.864,87.836,0.63482,177.81,176.05,0.11108
67.298,69.434,0.23767,148.02,142.71,92.905,87.809,0.63537,177.73,175.97,0.11114
63.561,65.079,0.23743,147.82,142.15,92.949,87.789,0.6358,177.64,175.88,0.11125
59.965,60.932,0.23717,147.82,141.83,92.997,87.776,0.63615,177.55,175.77,0.1114
56.511,56.998,0.2369,148.03,141.76,93.048,87.771,0.63643,177.46,175.66,0.11158
53.2,53.277,0.23662,148.46,141.93,93.101,87.772,0.63666,177.37,175.55,0.1118
50.03,49.765,0.23633,149.1,142.36,93.158,87.781,0.63685,177.29,175.42,0.11204
46.997,46.453,0.23603,149.93,143.01,93.217,87.796,0.63704,177.2,175.29,0.1123
44.098,43.33,0.23572,150.94,143.87,93.278,87.817,0.63722,177.13,175.16,0.11257
41.327,40.387,0.23541,152.1,144.93,93.342,87.842,0.6374,177.06,175.02,0.11285
38.677,37.614,0.23509,153.37,146.16,93.407,87.872,0.63759,177,174.88,0.11314
36.143,35.002,0.23478,154.73,147.53,93.473,87.905,0.63778,176.95,174.73,0.11342
33.717,32.541,0.23447,156.14,149.01,93.54,87.939,0.63796,176.91,174.59,0.1137
31.391,30.225,0.23417,157.56,150.59,93.605,87.974,0.63814,176.87,174.45,0.11398
29.16,28.046,0.23389,158.98,152.23,93.669,88.007,0.6383,176.85,174.3,0.11424
27.015,25.998,0.23362,160.35,153.91,93.729,88.038,0.63844,176.83,174.17,0.11449
24.95,24.072,0.23337,161.66,155.6,93.784,88.065,0.63855,176.81,174.03,0.11474
22.96,22.263,0.23313,162.88,157.29,93.833,88.086,0.63863,176.8,173.9,0.11497
21.04,20.561,0.23292,164,158.95,93.875,88.101,0.63867,176.8,173.78,0.11519
19.187,18.959,0.23273,165,160.57,93.909,88.108,0.63868,176.79,173.67,0.11539
17.397,17.45,0.23255,165.89,162.13,93.934,88.108,0.63864,176.78,173.56,0.11559
15.669,16.026,0.2324,166.66,163.61,93.949,88.1,0.63856,176.77,173.47,0.11577
14.004,14.679,0.23227,167.3,165.02,93.955,88.084,0.63845,176.76,173.38,0.11594
12.401,13.404,0.23215,167.83,166.33,93.952,88.061,0.63831,176.74,173.31,0.1161
10.864,12.193,0.23206,168.24,167.55,93.941,88.031,0.63814,176.72,173.24,0.11624
9.3945,11.043,0.23198,168.55,168.67,93.922,87.996,0.63795,176.69,173.19,0.11638
7.9962,9.9494,0.23192,168.78,169.68,93.897,87.956,0.63774,176.66,173.14,0.1165
6.6734,8.9098,0.23187,168.92,170.59,93.867,87.914,0.63753,176.62,173.11,0.11661
5.431,7.9236,0.23184,168.99,171.39,93.834,87.869,0.63731,176.58,173.08,0.11671
4.2748,6.9921,0.23181,169.01,172.08,93.798,87.824,0.63711,176.53,173.06,0.1168
3.2114,6.1187,0.2318,168.97,172.66,93.761,87.779,0.63691,176.48,173.04,0.11688
2.2481,5.3096,0.23181,168.91,173.12,93.724,87.735,0.63674,176.43,173.03,0.11695
1.3931,4.5735,0.23183,168.81,173.47,93.689,87.694,0.6366,176.37,173.03,0.11702
0.65561,3.9219,0.23187,168.69,173.69,93.657,87.656,0.6365,176.32,173.03,0.11708
0.045468,3.3694,0.23193,168.56,173.8,93.628,87.622,0.63644,176.27,173.03,0.11714
-0.4265,2.933,0.23201,168.41,173.79,93.603,87.593,0.63642,176.22,173.04,0.11719
-0.74876,2.6328,0.23213,168.25,173.66,93.583,87.568,0.63644,176.18,173.05,0.11724
-0.90927,2.4905,0.23228,168.07,173.4,93.569,87.549,0.63651,176.13,173.06,0.11729
-0.89566,2.5299,0.23248,167.87,173.03,93.56,87.535,0.63663,176.09,173.07,0.11733
-0.69569,2.7757,0.23271,167.65,172.53,93.558,87.527,0.63679,176.05,173.08,0.11737
-0.29764,3.2527,0.233,167.39,171.92,93.561,87.525,0.63699,176.02,173.1,0.11741
0.30916,3.9849,0.23333,167.09,171.2,93.57,87.527,0.63722,175.98,173.12,0.11744
1.1337,4.9946,0.2337,166.75,170.38,93.585,87.535,0.63748,175.95,173.15,0.11746
2.1828,6.3014,0.23412,166.34,169.47,93.604,87.548,0.63775,175.92,173.18,0.11746
3.4602,7.9208,0.23458,165.88,168.48,93.628,87.564,0.63803,175.88,173.22,0.11746
4.9666,9.8637,0.23507,165.35,167.43,93.654,87.585,0.63832,175.85,173.26,0.11743
6.6987,12.135,0.23559,164.75,166.34,93.683,87.608,0.63859,175.82,173.32,0.11739
8.649,14.735,0.23611,164.07,165.23,93.713,87.634,0.63885,175.79,173.38,0.11731
10.806,17.657,0.23664,163.31,164.13,93.743,87.662,0.63908,175.77,173.46,0.11721
13.156,20.885,0.23714,162.48,163.05,93.772,87.691,0.63928,175.74,173.55,0.11707
15.678,24.403,0.23762,161.58,162.02,93.798,87.721,0.63946,175.72,173.65,0.11689
18.351,28.183,0.23805,160.61,161.06,93.821,87.751,0.6396,175.71,173.76,0.11668
21.153,32.196,0.23843,159.58,160.19,93.841,87.781,0.63973,175.7,173.88,0.11642
24.057,36.408,0.23873,158.5,159.44,93.856,87.811,0.63983,175.7,174.02,0.11612
27.039,40.781,0.23896,157.38,158.82,93.865,87.84,0.63993,175.72,174.16,0.11578
30.073,45.276,0.23911,156.24,158.34,93.869,87.868,0.64003,175.74,174.31,0.1154
33.139,49.852,0.23918,155.1,158.02,93.866,87.894,0.64014,175.78,174.46,0.11498
36.214,54.469,0.23917,153.96,157.85,93.856,87.919,0.64028,175.84,174.62,0.11452
39.282,59.09,0.23908,152.85,157.84,93.838,87.94,0.64045,175.92,174.78,0.11403
42.33,63.68,0.23893,151.79,157.99,93.811,87.958,0.64065,176.01,174.94,0.11352
45.349,68.207,0.23873,150.8,158.28,93.776,87.971,0.6409,176.12,175.09,0.11298
48.334,72.644,0.23848,149.9,158.7,93.73,87.978,0.64118,176.25,175.24,0.11243
51.287,76.969,0.23821,149.11,159.23,93.674,87.978,0.6415,176.4,175.39,0.11188
54.212,81.165,0.23791,148.44,159.86,93.608,87.971,0.64184,176.56,175.52,0.11132
57.117,85.215,0.23762,147.91,160.56,93.531,87.955,0.64219,176.73,175.64,0.11077
60.013,89.109,0.23733,147.54,161.31,93.443,87.93,0.64254,176.92,175.76,0.11024
62.912,92.836,0.23706,147.32,162.1,93.346,87.897,0.64287,177.11,175.87,0.10973
65.827,96.39,0.23682,147.27,162.89,93.24,87.855,0.64317,177.31,175.96,0.10925
68.769,99.764,0.23662,147.38,163.67,93.127,87.805,0.64343,177.51,176.05,0.10881
71.746,102.95,0.23646,147.66,164.43,93.008,87.749,0.64362,177.71,176.13,0.1084
74.767,105.96,0.23634,148.1,165.15,92.885,87.687,0.64374,177.9,176.2,0.10804
77.834,108.78,0.23626,148.68,165.83,92.761,87.621,0.64377,178.09,176.26,0.10772
80.95,111.42,0.23622,149.39,166.44,92.637,87.554,0.64372,178.26,176.32,0.10745
84.11,113.87,0.23622,150.22,166.99,92.516,87.487,0.64358,178.42,176.37,0.10723
87.311,116.16,0.23625,151.13,167.48,92.4,87.422,0.64336,178.57,176.42,0.10706
90.544,118.28,0.2363,152.11,167.89,92.293,87.363,0.64305,178.69,176.46,0.10695
93.798,120.24,0.23636,153.15,168.22,92.196,87.311,0.64267,178.8,176.51,0.10689
97.057,122.07,0.23642,154.21,168.47,92.112,87.27,0.64222,178.89,176.55,0.10688
100.31,123.76,0.23648,155.27,168.65,92.044,87.242,0.64172,178.95,176.6,0.10693
103.52,125.33,0.23653,156.32,168.73,91.992,87.228,0.64119,178.99,176.64,0.10703
106.69,126.8,0.23656,157.34,168.74,91.96,87.231,0.64063,179,176.69,0.10718
109.79,128.18,0.23657,158.3,168.67,91.948,87.252,0.64006,178.99,176.74,0.10738
112.79,129.49,0.23656,159.21,168.51,91.957,87.291,0.63949,178.96,176.79,0.10763
115.67,130.72,0.23653,160.03,168.28,91.986,87.348,0.63895,178.91,176.83,0.10792
118.42,131.91,0.23648,160.78,167.97,92.036,87.422,0.63845,178.84,176.87,0.10824
121.01,133.05,0.23643,161.45,167.59,92.105,87.513,0.63798,178.75,176.91,0.1086
123.44,134.16,0.23637,162.02,167.15,92.191,87.618,0.63758,178.64,176.95,0.10898
125.69,135.24,0.23631,162.52,166.66,92.291,87.735,0.63724,178.52,176.98,0.10938
127.76,136.31,0.23625,162.93,166.12,92.404,87.862,0.63697,178.4,177,0.10979
129.63,137.36,0.2362,163.27,165.54,92.525,87.995,0.63677,178.26,177.01,0.1102
131.32,138.4,0.23616,163.54,164.95,92.652,88.133,0.63664,178.12,177.02,0.11061
132.81,139.43,0.23614,163.74,164.34,92.782,88.271,0.63658,177.98,177.01,0.11101
134.13,140.45,0.23613,163.89,163.73,92.911,88.408,0.63657,177.84,177,0.11139
135.27,141.44,0.23614,163.99,163.13,93.037,88.542,0.63663,177.7,176.98,0.11176
136.24,142.42,0.23617,164.04,162.55,93.158,88.67,0.63672,177.58,176.95,0.1121
137.06,143.36,0.23622,164.06,162.01,93.271,88.79,0.63685,177.45,176.91,0.11242
137.74,144.26,0.23629,164.04,161.52,93.376,88.902,0.637,177.34,176.88,0.1127
138.28,145.11,0.23637,163.99,161.09,93.472,89.005,0.63717,177.25,176.83,0.11297
138.72,145.89,0.23647,163.91,160.74,93.558,89.098,0.63733,177.16,176.79,0.1132
139.05,146.6,0.23659,163.81,160.49,93.632,89.18,0.63749,177.09,176.74,0.1134
139.29,147.21,0.23672,163.7,160.33,93.696,89.252,0.63764,177.03,176.7,0.11358
139.46,147.74,0.23686,163.57,160.28,93.75,89.313,0.63776,176.98,176.66,0.11374
139.57,148.16,0.23701,163.43,160.34,93.793,89.365,0.63786,176.94,176.62,0.11387
139.62,148.48,0.23717,163.27,160.51,93.828,89.408,0.63793,176.92,176.58,0.11398
139.62,148.7,0.23733,163.12,160.78,93.854,89.443,0.63797,176.9,176.55,0.11406
139.6,148.83,0.23749,162.96,161.13,93.872,89.47,0.63798,176.9,176.53,0.11413
139.54,148.88,0.23765,162.79,161.55,93.884,89.491,0.63797,176.9,176.5,0.11419
139.46,148.86,0.23781,162.63,162.04,93.891,89.506,0.63793,176.91,176.48,0.11423
139.37,148.78,0.23796,162.48,162.56,93.892,89.516,0.63788,176.92,176.47,0.11426
139.26,148.67,0.2381,162.33,163.12,93.89,89.522,0.63782,176.94,176.45,0.11428
139.15,148.53,0.23822,162.2,163.69,93.884,89.523,0.63777,176.95,176.44,0.11429
139.03,148.37,0.23832,162.09,164.26,93.875,89.521,0.63773,176.97,176.44,0.1143
138.91,148.22,0.23841,162,164.83,93.863,89.515,0.63771,176.99,176.43,0.1143
138.8,148.07,0.23847,161.94,165.39,93.849,89.505,0.63771,177.01,176.42,0.1143
138.7,147.95,0.23852,161.91,165.93,93.831,89.493,0.63775,177.03,176.41,0.1143
138.6,147.85,0.23854,161.92,166.44,93.811,89.477,0.63783,177.04,176.41,0.11429
138.52,147.78,0.23855,161.95,166.92,93.788,89.457,0.63795,177.05,176.4,0.11429
138.45,147.76,0.23854,162.02,167.36,93.762,89.435,0.63811,177.06,176.4,0.11429
138.41,147.77,0.23852,162.12,167.77,93.734,89.411,0.6383,177.07,176.39,0.11429
138.39,147.84,0.23849,162.24,168.14,93.704,89.383,0.63853,177.07,176.39,0.1143
138.4,147.94,0.23845,162.39,168.47,93.672,89.354,0.63878,177.07,176.39,0.11431
138.44,148.09,0.2384,162.55,168.76,93.638,89.324,0.63906,177.06,176.39,0.11432
138.51,148.29,0.23836,162.71,169.01,93.602,89.292,0.63934,177.05,176.39,0.11434
138.62,148.53,0.23832,162.88,169.22,93.565,89.259,0.63963,177.03,176.4,0.11436
138.77,148.8,0.23829,163.05,169.4,93.528,89.227,0.63992,177.01,176.41,0.11438
138.96,149.1,0.23827,163.21,169.54,93.49,89.195,0.64018,176.99,176.43,0.11441
139.18,149.43,0.23826,163.36,169.64,93.452,89.163,0.64043,176.96,176.45,0.11444
139.44,149.77,0.23827,163.48,169.72,93.415,89.133,0.64064,176.93,176.47,0.11447
139.73,150.12,0.23829,163.59,169.76,93.379,89.105,0.64081,176.91,176.5,0.1145
140.04,150.45,0.23832,163.66,169.76,93.343,89.079,0.64093,176.88,176.53,0.11453
140.36,150.75,0.23837,163.71,169.73,93.309,89.055,0.641,176.85,176.57,0.11455
140.69,151,0.23843,163.72,169.67,93.277,89.034,0.64101,176.83,176.61,0.11457
141,151.19,0.23852,163.69,169.56,93.247,89.016,0.64097,176.81,176.65,0.11458
141.28,151.28,0.23861,163.62,169.41,93.22,89.001,0.64087,176.8,176.69,0.11459
141.51,151.26,0.23873,163.51,169.21,93.195,88.988,0.64073,176.79,176.74,0.11458
141.66,151.1,0.23886,163.34,168.96,93.173,88.979,0.64055,176.8,176.78,0.11455
141.71,150.77,0.239,163.13,168.65,93.154,88.972,0.64033,176.81,176.82,0.11451
141.63,150.25,0.23917,162.86,168.28,93.138,88.967,0.6401,176.83,176.87,0.11445
141.4,149.51,0.23935,162.55,167.84,93.127,88.965,0.63987,176.86,176.91,0.11437
140.98,148.52,0.23955,162.18,167.32,93.12,88.965,0.63964,176.9,176.95,0.11428
140.36,147.27,0.23977,161.77,166.73,93.118,88.966,0.63945,176.95,176.99,0.11416
139.51,145.73,0.23999,161.32,166.05,93.121,88.97,0.6393,177.01,177.03,0.11402
138.4,143.9,0.24023,160.83,165.3,93.131,88.975,0.63921,177.08,177.07,0.11387
137.02,141.75,0.24048,160.32,164.45,93.149,88.983,0.63919,177.15,177.1,0.11369
135.36,139.29,0.24074,159.8,163.51,93.174,88.992,0.63925,177.24,177.14,0.11351
133.41,136.51,0.241,159.25,162.49,93.208,89.003,0.63939,177.32,177.16,0.11331
131.17,133.42,0.24126,158.7,161.37,93.251,89.017,0.63961,177.41,177.19,0.1131
128.65,130.03,0.24151,158.15,160.17,93.304,89.032,0.6399,177.5,177.21,0.11289
125.85,126.36,0.24176,157.61,158.87,93.365,89.05,0.64025,177.59,177.22,0.11268
122.79,122.41,0.24201,157.06,157.49,93.436,89.069,0.64065,177.67,177.23,0.11248
119.49,118.23,0.24224,156.52,156.02,93.514,89.089,0.64108,177.75,177.23,0.11228
115.98,113.83,0.24245,156,154.49,93.599,89.11,0.64152,177.83,177.22,0.11209
112.28,109.25,0.24265,155.48,152.89,93.689,89.129,0.64194,177.89,177.21,0.11191
108.43,104.52,0.24283,154.97,151.25,93.783,89.147,0.64232,177.94,177.18,0.11175
104.44,99.682,0.24299,154.47,149.59,93.877,89.162,0.64265,177.99,177.15,0.11161
100.35,94.769,0.24312,154,147.94,93.97,89.173,0.64291,178.02,177.12,0.11148
96.195,89.821,0.24323,153.54,146.32,94.059,89.18,0.64309,178.04,177.07,0.11139
91.99,84.873,0.24332,153.12,144.77,94.144,89.18,0.64318,178.04,177.01,0.11131
87.762,79.964,0.24338,152.73,143.33,94.221,89.175,0.64317,178.04,176.95,0.11126
83.534,75.127,0.24342,152.4,142.03,94.29,89.163,0.64308,178.02,176.87,0.11124
79.323,70.396,0.24344,152.13,140.9,94.349,89.145,0.64291,178,176.78,0.11125
75.148,65.8,0.24342,151.94,139.99,94.397,89.12,0.64267,177.96,176.68,0.11129
71.023,61.364,0.24339,151.83,139.32,94.434,89.09,0.64239,177.92,176.57,0.11136
66.962,57.112,0.24332,151.83,138.92,94.461,89.055,0.64208,177.88,176.45,0.11146
62.978,53.061,0.24323,151.95,138.79,94.476,89.015,0.64175,177.82,176.33,0.11158
59.081,49.223,0.24311,152.19,138.96,94.482,88.973,0.64142,177.77,176.19,0.11173
55.283,45.607,0.24296,152.55,139.43,94.479,88.928,0.64111,177.71,176.04,0.1119
51.594,42.217,0.24278,153.04,140.19,94.469,88.883,0.64083,177.65,175.89,0.11209
48.024,39.054,0.24257,153.64,141.22,94.452,88.838,0.64058,177.58,175.73,0.11229
44.583,36.116,0.24232,154.34,142.52,94.432,88.794,0.64038,177.52,175.57,0.11249
41.277,33.399,0.24203,155.14,144.05,94.409,88.752,0.6402,177.45,175.41,0.11271
38.113,30.897,0.24171,156.02,145.79,94.385,88.713,0.64006,177.38,175.25,0.11292
35.097,28.601,0.24135,156.95,147.7,94.361,88.678,0.63995,177.3,175.09,0.11314
32.231,26.502,0.24096,157.92,149.75,94.339,88.646,0.63985,177.22,174.93,0.11334
29.518,24.589,0.24055,158.91,151.89,94.32,88.618,0.63976,177.13,174.78,0.11355
26.957,22.848,0.2401,159.88,154.09,94.303,88.594,0.63967,177.03,174.63,0.11374
24.547,21.266,0.23963,160.84,156.29,94.29,88.573,0.63957,176.92,174.49,0.11393
22.285,19.829,0.23913,161.75,158.48,94.28,88.555,0.63946,176.81,174.36,0.1141
20.168,18.521,0.23862,162.6,160.6,94.272,88.539,0.63933,176.69,174.23,0.11427
18.191,17.328,0.23809,163.37,162.64,94.267,88.524,0.63919,176.57,174.11,0.11442
16.349,16.236,0.23754,164.06,164.55,94.264,88.51,0.63903,176.44,173.99,0.11456
14.636,15.232,0.23699,164.66,166.34,94.261,88.497,0.63887,176.3,173.88,0.11469
13.046,14.302,0.23644,165.16,167.98,94.259,88.482,0.63868,176.16,173.78,0.11481
11.574,13.435,0.23589,165.57,169.46,94.257,88.467,0.63849,176.03,173.68,0.11492
10.212,12.621,0.23535,165.89,170.79,94.253,88.451,0.63829,175.89,173.59,0.11501
8.9566,11.85,0.23483,166.11,171.96,94.247,88.433,0.63808,175.75,173.5,0.11509
7.8003,11.113,0.23433,166.26,172.98,94.239,88.412,0.63787,175.61,173.42,0.11516
6.7383,10.404,0.23387,166.33,173.85,94.229,88.39,0.63764,175.48,173.34,0.11522
5.7653,9.7166,0.23345,166.33,174.59,94.215,88.365,0.63741,175.35,173.27,0.11526
4.8765,9.0456,0.23308,166.29,175.21,94.199,88.338,0.63717,175.24,173.21,0.1153
4.0675,8.3874,0.23275,166.2,175.71,94.179,88.31,0.63691,175.13,173.15,0.11532
3.3342,7.7393,0.23249,166.08,176.11,94.156,88.279,0.63665,175.03,173.1,0.11534
2.6727,7.0999,0.23228,165.94,176.42,94.13,88.247,0.63637,174.94,173.05,0.11535
2.0797,6.4689,0.23213,165.8,176.65,94.102,88.214,0.63608,174.86,173.01,0.11536
1.5523,5.8472,0.23204,165.66,176.81,94.071,88.179,0.63579,174.79,172.97,0.11536
1.088,5.2373,0.23201,165.53,176.91,94.039,88.144,0.63548,174.74,172.94,0.11536
0.6852,4.6434,0.23204,165.42,176.95,94.005,88.109,0.63518,174.7,172.92,0.11536
0.34284,4.0712,0.23211,165.33,176.94,93.97,88.074,0.63487,174.67,172.9,0.11536
0.06093,3.5286,0.23223,165.27,176.88,93.935,88.039,0.63458,174.65,172.89,0.11537
-0.15941,3.0256,0.23238,165.24,176.76,93.901,88.005,0.63431,174.63,172.88,0.11538
-0.31578,2.5749,0.23257,165.24,176.59,93.868,87.972,0.63406,174.62,172.87,0.1154
-0.40438,2.1913,0.23278,165.25,176.37,93.837,87.941,0.63386,174.62,172.87,0.11543
-0.41986,1.8923,0.23301,165.28,176.09,93.808,87.911,0.63369,174.62,172.87,0.11546
-0.35531,1.6981,0.23325,165.32,175.74,93.783,87.885,0.63359,174.61,172.88,0.11551
-0.20224,1.6308,0.2335,165.35,175.32,93.762,87.862,0.63354,174.61,172.89,0.11556
0.049354,1.7147,0.23376,165.38,174.82,93.747,87.843,0.63357,174.6,172.9,0.11562
0.41079,1.9755,0.23403,165.37,174.25,93.737,87.828,0.63367,174.59,172.91,0.11568
0.89445,2.4398,0.23429,165.32,173.6,93.734,87.818,0.63384,174.58,172.92,0.11575
1.5135,3.1342,0.23455,165.22,172.86,93.739,87.814,0.63408,174.56,172.93,0.11581
2.2812,4.0842,0.23481,165.04,172.05,93.75,87.815,0.63439,174.54,172.95,0.11588
3.2109,5.3135,0.23507,164.79,171.17,93.769,87.823,0.63476,174.52,172.96,0.11593
4.3147,6.8426,0.23531,164.44,170.22,93.796,87.837,0.63518,174.5,172.97,0.11597
5.6036,8.6878,0.23555,163.98,169.22,93.829,87.857,0.63564,174.48,172.99,0.116
7.0863,10.86,0.23579,163.41,168.18,93.868,87.882,0.63611,174.47,173,0.11601
8.769,13.364,0.23601,162.73,167.12,93.913,87.914,0.63659,174.46,173.02,0.11599
10.655,16.198,0.23624,161.92,166.05,93.961,87.949,0.63706,174.46,173.05,0.11594
12.744,19.351,0.23646,161,165,94.01,87.989,0.63749,174.47,173.08,0.11586
15.032,22.808,0.23667,159.97,163.99,94.06,88.031,0.63788,174.49,173.11,0.11574
17.512,26.544,0.23689,158.84,163.03,94.108,88.075,0.63821,174.53,173.15,0.11557
20.175,30.527,0.23711,157.62,162.15,94.152,88.119,0.63846,174.58,173.21,0.11537
23.007,34.721,0.23733,156.34,161.35,94.189,88.161,0.63864,174.65,173.27,0.11512
25.994,39.085,0.23755,155.01,160.67,94.218,88.2,0.63874,174.73,173.34,0.11483
29.118,43.574,0.23778,153.67,160.09,94.237,88.234,0.63876,174.83,173.43,0.11449
32.361,48.143,0.23801,152.34,159.65,94.242,88.262,0.63871,174.95,173.53,0.11411
35.705,52.745,0.23824,151.04,159.33,94.233,88.282,0.63861,175.09,173.64,0.1137
39.13,57.338,0.23847,149.82,159.14,94.207,88.293,0.63847,175.25,173.76,0.11325
42.619,61.882,0.2387,148.7,159.07,94.164,88.292,0.63831,175.42,173.9,0.11277
46.153,66.344,0.23892,147.71,159.13,94.102,88.28,0.63815,175.61,174.04,0.11227
49.716,70.694,0.23914,146.88,159.31,94.021,88.255,0.63801,175.82,174.2,0.11176
53.296,74.911,0.23935,146.23,159.59,93.921,88.217,0.6379,176.04,174.36,0.11124
56.879,78.979,0.23954,145.78,159.96,93.803,88.167,0.63785,176.27,174.54,0.11072
60.457,82.887,0.23972,145.53,160.42,93.668,88.104,0.63786,176.52,174.71,0.11021
64.02,86.63,0.23988,145.51,160.93,93.517,88.03,0.63793,176.77,174.89,0.10971
67.559,90.207,0.24003,145.69,161.49,93.354,87.947,0.63807,177.03,175.08,0.10923
71.069,93.618,0.24015,146.08,162.07,93.18,87.855,0.63826,177.28,175.26,0.10877
74.541,96.868,0.24026,146.65,162.66,92.998,87.759,0.63849,177.54,175.43,0.10834
77.968,99.963,0.24034,147.4,163.24,92.813,87.658,0.63876,177.79,175.6,0.10794
81.343,102.91,0.24041,148.28,163.8,92.627,87.557,0.63906,178.04,175.77,0.10757
84.658,105.71,0.24046,149.29,164.31,92.445,87.457,0.63936,178.27,175.92,0.10723
87.907,108.39,0.24049,150.4,164.78,92.269,87.362,0.63965,178.49,176.07,0.10692
91.08,110.93,0.2405,151.57,165.2,92.104,87.273,0.63992,178.69,176.2,0.10664
94.171,113.36,0.24049,152.78,165.56,91.953,87.193,0.64016,178.87,176.32,0.1064
97.172,115.68,0.24046,153.99,165.86,91.817,87.124,0.64037,179.03,176.43,0.10619
100.07,117.89,0.24042,155.2,166.1,91.7,87.067,0.64053,179.17,176.52,0.10602
102.87,120,0.24035,156.36,166.3,91.603,87.024,0.64063,179.28,176.6,0.10589
105.55,122.01,0.24026,157.46,166.44,91.527,86.994,0.64069,179.37,176.66,0.1058
108.12,123.92,0.24015,158.5,166.55,91.473,86.979,0.64069,179.43,176.72,0.10575
110.56,125.74,0.24002,159.44,166.62,91.441,86.978,0.64064,179.46,176.76,0.10576
112.88,127.46,0.23986,160.29,166.65,91.429,86.991,0.64053,179.46,176.79,0.10581
115.07,129.09,0.23969,161.05,166.67,91.438,87.017,0.64038,179.44,176.81,0.10591
117.14,130.61,0.2395,161.7,166.66,91.465,87.055,0.64018,179.39,176.82,0.10605
119.09,132.04,0.2393,162.27,166.63,91.509,87.104,0.63994,179.32,176.83,0.10625
120.92,133.38,0.23909,162.74,166.6,91.568,87.162,0.63967,179.22,176.82,0.10649
122.64,134.61,0.23887,163.13,166.56,91.639,87.227,0.63936,179.09,176.81,0.10678
124.25,135.75,0.23865,163.45,166.51,91.72,87.299,0.63902,178.95,176.8,0.1071
125.77,136.8,0.23843,163.71,166.47,91.809,87.376,0.63867,178.79,176.78,0.10745
127.2,137.75,0.23821,163.91,166.42,91.902,87.456,0.63829,178.62,176.75,0.10783
128.54,138.62,0.238,164.06,166.38,91.999,87.537,0.63792,178.44,176.72,0.10824
129.8,139.39,0.2378,164.18,166.34,92.097,87.62,0.63754,178.25,176.69,0.10865
130.99,140.09,0.23761,164.28,166.31,92.195,87.703,0.63717,178.06,176.66,0.10908
132.11,140.71,0.23743,164.35,166.29,92.291,87.786,0.63682,177.87,176.63,0.10951
133.17,141.26,0.23726,164.41,166.27,92.387,87.869,0.6365,177.69,176.6,0.10993
134.17,141.73,0.23711,164.46,166.26,92.48,87.951,0.63621,177.51,176.56,0.11035
135.11,142.14,0.23698,164.52,166.25,92.572,88.033,0.63596,177.35,176.53,0.11076
136,142.49,0.23686,164.58,166.26,92.662,88.115,0.63574,177.2,176.5,0.11115
136.83,142.78,0.23676,164.65,166.27,92.752,88.198,0.63557,177.07,176.47,0.11153
137.6,143.02,0.23668,164.73,166.29,92.841,88.281,0.63544,176.95,176.44,0.11189
138.32,143.21,0.23662,164.83,166.32,92.93,88.365,0.63534,176.85,176.42,0.11222
138.98,143.35,0.23658,164.94,166.36,93.019,88.449,0.63527,176.77,176.4,0.11253
139.59,143.45,0.23656,165.07,166.42,93.107,88.534,0.63522,176.7,176.38,0.11282
140.15,143.52,0.23655,165.21,166.48,93.195,88.619,0.6352,176.65,176.36,0.11308
140.65,143.56,0.23656,165.37,166.56,93.283,88.703,0.6352,176.62,176.35,0.11331
141.1,143.58,0.23658,165.52,166.66,93.369,88.787,0.63522,176.59,176.34,0.11352
141.5,143.58,0.23662,165.68,166.77,93.453,88.87,0.63526,176.58,176.33,0.11371
141.86,143.57,0.23666,165.84,166.89,93.534,88.951,0.6353,176.58,176.33,0.11387
142.18,143.56,0.23672,165.99,167.02,93.612,89.029,0.63536,176.59,176.32,0.11402
142.46,143.56,0.23679,166.12,167.16,93.686,89.105,0.63542,176.61,176.32,0.11415
142.71,143.58,0.23687,166.24,167.31,93.755,89.178,0.63548,176.63,176.32,0.11426
142.93,143.61,0.23696,166.34,167.46,93.82,89.247,0.63553,176.65,176.32,0.11436
143.14,143.67,0.23707,166.41,167.62,93.878,89.312,0.63558,176.68,176.33,0.11446
143.34,143.76,0.23719,166.44,167.78,93.93,89.372,0.63561,176.7,176.33,0.11454
143.52,143.88,0.23732,166.45,167.94,93.976,89.428,0.63563,176.73,176.34,0.11462
143.71,144.04,0.23747,166.42,168.1,94.015,89.479,0.63562,176.76,176.35,0.1147
143.9,144.25,0.23762,166.35,168.26,94.047,89.525,0.63558,176.79,176.36,0.11477
144.09,144.49,0.23777,166.24,168.41,94.072,89.567,0.63551,176.81,176.37,0.11484
144.28,144.76,0.23792,166.09,168.56,94.09,89.603,0.6354,176.83,176.39,0.11491
144.47,145.07,0.23806,165.9,168.71,94.102,89.635,0.63526,176.85,176.41,0.11497
144.66,145.4,0.2382,165.68,168.85,94.107,89.663,0.63509,176.87,176.42,0.11503
144.83,145.74,0.23831,165.42,168.98,94.106,89.687,0.63489,176.89,176.44,0.11508
144.97,146.08,0.23841,165.12,169.1,94.1,89.707,0.63466,176.91,176.46,0.11512
145.07,146.4,0.23849,164.79,169.2,94.088,89.724,0.63441,176.93,176.48,0.11515
145.11,146.69,0.23854,164.43,169.29,94.072,89.737,0.63414,176.95,176.5,0.11517
145.07,146.91,0.23857,164.04,169.36,94.052,89.747,0.63385,176.97,176.52,0.11517
144.93,147.04,0.23858,163.62,169.39,94.029,89.755,0.63356,176.99,176.54,0.11516
144.66,147.07,0.23856,163.17,169.39,94.003,89.759,0.63327,177.02,176.56,0.11512
144.23,146.95,0.23851,162.68,169.34,93.975,89.76,0.63301,177.05,176.59,0.11506
143.63,146.66,0.23845,162.16,169.23,93.945,89.758,0.63277,177.09,176.61,0.11498
142.83,146.18,0.23836,161.62,169.06,93.915,89.751,0.63259,177.14,176.63,0.11487
141.79,145.46,0.23826,161.04,168.81,93.884,89.741,0.63247,177.19,176.65,0.11473
140.51,144.49,0.23814,160.44,168.48,93.853,89.726,0.63242,177.25,176.67,0.11457
138.97,143.23,0.23801,159.81,168.04,93.823,89.706,0.63246,177.31,176.69,0.11439
137.16,141.68,0.23787,159.16,167.5,93.795,89.681,0.6326,177.37,176.71,0.11418
135.06,139.81,0.23772,158.5,166.85,93.77,89.651,0.63285,177.43,176.73,0.11395
132.68,137.61,0.23757,157.84,166.07,93.748,89.617,0.63319,177.49,176.76,0.11371
130.04,135.07,0.23743,157.17,165.16,93.731,89.579,0.63362,177.55,176.79,0.11346
127.13,132.21,0.23729,156.51,164.12,93.72,89.538,0.63413,177.6,176.81,0.1132
123.99,129.02,0.23718,155.86,162.94,93.715,89.494,0.63469,177.64,176.84,0.11294
120.63,125.52,0.23709,155.22,161.62,93.718,89.449,0.63526,177.66,176.87,0.11268
117.09,121.73,0.23704,154.6,160.18,93.728,89.404,0.63582,177.68,176.89,0.11244
113.4,117.67,0.23703,154.01,158.6,93.747,89.359,0.63632,177.68,176.92,0.11221
109.6,113.37,0.23706,153.44,156.91,93.774,89.316,0.63672,177.67,176.94,0.112
105.71,108.86,0.23714,152.9,155.13,93.809,89.275,0.63699,177.64,176.95,0.11181
101.78,104.19,0.23727,152.4,153.26,93.852,89.238,0.63708,177.6,176.96,0.11164
97.829,99.39,0.23744,151.94,151.33,93.902,89.203,0.63697,177.56,176.96,0.11151
93.892,94.498,0.23767,151.53,149.39,93.957,89.172,0.63666,177.5,176.96,0.1114
89.989,89.556,0.23793,151.18,147.45,94.017,89.145,0.63613,177.44,176.94,0.11133
86.138,84.605,0.23823,150.89,145.55,94.079,89.12,0.6354,177.37,176.91,0.11129
82.353,79.682,0.23857,150.67,143.75,94.141,89.097,0.6345,177.3,176.87,0.11128
78.642,74.823,0.23892,150.53,142.09,94.203,89.077,0.63347,177.23,176.81,0.1113
75.01,70.062,0.2393,150.48,140.6,94.261,89.057,0.63236,177.16,176.74,0.11136
71.458,65.429,0.23969,150.52,139.35,94.315,89.038,0.63122,177.1,176.65,0.11144
67.982,60.95,0.24008,150.66,138.36,94.362,89.018,0.63013,177.04,176.55,0.11155
64.579,56.646,0.24048,150.9,137.68,94.403,88.998,0.62914,176.98,176.44,0.11169
61.243,52.536,0.24086,151.24,137.35,94.435,88.977,0.62833,176.93,176.31,0.11184
57.967,48.635,0.24122,151.68,137.38,94.46,88.954,0.62774,176.89,176.16,0.11202
54.747,44.953,0.24156,152.23,137.8,94.476,88.929,0.62742,176.85,176.01,0.11222
51.579,41.497,0.24186,152.87,138.61,94.484,88.903,0.62738,176.82,175.84,0.11242
48.46,38.273,0.24212,153.6,139.78,94.485,88.875,0.62761,176.8,175.66,0.11264
45.391,35.279,0.24232,154.42,141.29,94.48,88.846,0.62812,176.77,175.47,0.11286
42.374,32.515,0.24245,155.3,143.11,94.468,88.815,0.62884,176.75,175.27,0.11309
39.413,29.973,0.24251,156.25,145.18,94.452,88.783,0.62976,176.73,175.06,0.11332
36.513,27.645,0.24249,157.23,147.46,94.431,88.75,0.6308,176.7,174.85,0.11355
33.682,25.518,0.24238,158.25,149.87,94.407,88.715,0.63193,176.67,174.64,0.11377
30.929,23.58,0.24219,159.27,152.37,94.38,88.68,0.63309,176.63,174.43,0.11398
28.261,21.813,0.24191,160.28,154.89,94.35,88.644,0.63424,176.59,174.22,0.11419
25.687,20.201,0.24154,161.27,157.39,94.318,88.606,0.63532,176.53,174.01,0.11439
23.216,18.727,0.24109,162.21,159.81,94.284,88.567,0.63631,176.47,173.82,0.11457
20.855,17.373,0.24057,163.09,162.11,94.247,88.527,0.63719,176.39,173.63,0.11474
18.609,16.122,0.23999,163.91,164.27,94.209,88.486,0.63792,176.31,173.44,0.1149
16.485,14.959,0.23936,164.65,166.25,94.168,88.443,0.6385,176.22,173.27,0.11504
14.486,13.869,0.23869,165.3,168.04,94.124,88.399,0.63894,176.12,173.11,0.11517
12.614,12.839,0.23799,165.87,169.62,94.079,88.353,0.63922,176.02,172.96,0.11529
10.87,11.859,0.23728,166.35,171,94.031,88.305,0.63937,175.92,172.81,0.11539
9.2553,10.92,0.23657,166.74,172.16,93.981,88.257,0.63939,175.82,172.68,0.11548
7.7687,10.018,0.23589,167.06,173.13,93.93,88.207,0.6393,175.72,172.56,0.11556
6.4099,9.1515,0.23523,167.3,173.89,93.878,88.157,0.63913,175.62,172.44,0.11563
5.1784,8.3208,0.23462,167.47,174.47,93.825,88.108,0.6389,175.53,172.34,0.1157
4.0743,7.5317,0.23407,167.58,174.87,93.773,88.058,0.63863,175.44,172.24,0.11576
3.0988,6.7935,0.23358,167.63,175.1,93.723,88.01,0.63835,175.37,172.16,0.11582
2.2545,6.1195,0.23317,167.63,175.19,93.675,87.964,0.63808,175.3,172.09,0.11588
1.5457,5.527,0.23283,167.59,175.14,93.63,87.919,0.63783,175.25,172.03,0.11594
0.97884,5.0374,0.23258,167.5,174.96,93.589,87.877,0.63763,175.2,171.98,0.116
0.5626,4.6753,0.2324,167.36,174.67,93.553,87.838,0.63748,175.16,171.94,0.11606
0.30783,4.4686,0.23231,167.19,174.27,93.523,87.803,0.6374,175.13,171.92,0.11613
0.22746,4.4475,0.23229,166.96,173.77,93.499,87.772,0.6374,175.11,171.92,0.11619
0.33619,4.6439,0.23234,166.68,173.18,93.483,87.745,0.63746,175.1,171.92,0.11624
0.64994,5.0901,0.23246,166.35,172.52,93.473,87.723,0.63759,175.1,171.95,0.1163
1.1852,5.8174,0.23265,165.96,171.78,93.472,87.706,0.63779,175.1,171.98,0.11635
1.958,6.8555,0.23289,165.49,170.98,93.477,87.695,0.63802,175.11,172.04,0.11639
2.9833,8.23,0.23318,164.96,170.13,93.49,87.688,0.63829,175.13,172.11,0.11642
4.2735,9.9616,0.23352,164.34,169.25,93.51,87.687,0.63856,175.14,172.2,0.11643
5.8378,12.064,0.2339,163.65,168.34,93.536,87.691,0.63882,175.16,172.3,0.11643
7.6809,14.545,0.23431,162.88,167.42,93.566,87.7,0.63904,175.19,172.41,0.1164
9.8025,17.401,0.23475,162.04,166.51,93.601,87.714,0.63922,175.21,172.54,0.11635
12.197,20.621,0.2352,161.14,165.64,93.638,87.732,0.63932,175.24,172.68,0.11627
14.852,24.184,0.23567,160.18,164.81,93.676,87.754,0.63933,175.28,172.83,0.11615
17.75,28.06,0.23615,159.19,164.06,93.714,87.779,0.63925,175.32,173,0.116
20.869,32.211,0.23662,158.17,163.39,93.749,87.806,0.63908,175.36,173.17,0.11582
24.182,36.592,0.23709,157.15,162.82,93.78,87.835,0.63882,175.41,173.34,0.11559
27.659,41.153,0.23755,156.15,162.37,93.805,87.865,0.63848,175.47,173.53,0.11533
31.266,45.84,0.238,155.19,162.04,93.822,87.894,0.63809,175.54,173.71,0.11503
34.97,50.598,0.23843,154.29,161.83,93.832,87.923,0.63766,175.63,173.9,0.11469
38.739,55.374,0.23884,153.47,161.74,93.832,87.949,0.63723,175.73,174.09,0.11432
42.542,60.115,0.23922,152.76,161.76,93.821,87.973,0.63683,175.84,174.28,0.11392
46.353,64.778,0.23957,152.16,161.9,93.8,87.994,0.63648,175.96,174.46,0.1135
50.147,69.323,0.2399,151.69,162.13,93.767,88.01,0.6362,176.1,174.65,0.11306
53.907,73.717,0.24019,151.36,162.44,93.724,88.022,0.63602,176.25,174.83,0.1126
57.618,77.936,0.24046,151.17,162.83,93.67,88.029,0.63594,176.42,175.01,0.11213
61.271,81.962,0.24069,151.12,163.28,93.608,88.032,0.63598,176.6,175.18,0.11166
64.86,85.786,0.24088,151.21,163.76,93.538,88.03,0.63612,176.79,175.35,0.11119
68.379,89.402,0.24104,151.44,164.28,93.462,88.024,0.63637,176.98,175.52,0.11073
71.828,92.809,0.24117,151.77,164.8,93.383,88.016,0.6367,177.18,175.68,0.11028
75.204,96.011,0.24125,152.22,165.32,93.302,88.006,0.63711,177.38,175.83,0.10986
78.506,99.015,0.2413,152.75,165.82,93.221,87.994,0.63757,177.58,175.97,0.10947
81.733,101.83,0.2413,153.36,166.29,93.141,87.983,0.63806,177.77,176.11,0.1091
84.887,104.46,0.24126,154.03,166.73,93.065,87.972,0.63855,177.95,176.24,0.10878
87.965,106.92,0.24118,154.74,167.11,92.994,87.963,0.63904,178.11,176.35,0.10849
90.967,109.22,0.24104,155.47,167.45,92.928,87.955,0.63951,178.27,176.46,0.10825
93.894,111.38,0.24086,156.21,167.73,92.868,87.949,0.63993,178.41,176.56,0.10806
96.742,113.39,0.24063,156.96,167.95,92.814,87.945,0.64031,178.53,176.65,0.10791
99.51,115.28,0.24035,157.69,168.11,92.767,87.943,0.64063,178.63,176.74,0.10781
102.19,117.05,0.24003,158.39,168.22,92.727,87.944,0.6409,178.71,176.82,0.10777
104.79,118.71,0.23967,159.07,168.27,92.693,87.946,0.64112,178.77,176.89,0.10777
107.29,120.27,0.23928,159.7,168.26,92.665,87.951,0.64127,178.81,176.95,0.10782
109.69,121.75,0.23886,160.28,168.21,92.643,87.957,0.64138,178.83,177.01,0.10792
111.98,123.13,0.23842,160.81,168.11,92.628,87.967,0.64143,178.84,177.07,0.10807
114.15,124.45,0.23798,161.29,167.97,92.619,87.978,0.64144,178.82,177.13,0.10825
116.21,125.69,0.23755,161.7,167.79,92.617,87.993,0.64142,178.8,177.17,0.10848
118.14,126.87,0.23714,162.04,167.58,92.62,88.011,0.64135,178.75,177.22,0.10874
119.94,127.99,0.23676,162.33,167.33,92.631,88.032,0.64126,178.7,177.25,0.10904
121.61,129.05,0.23643,162.54,167.07,92.647,88.056,0.64115,178.64,177.29,0.10937
123.14,130.07,0.23615,162.68,166.78,92.668,88.084,0.64102,178.57,177.31,0.10972
124.55,131.04,0.23594,162.76,166.47,92.695,88.115,0.64086,178.5,177.33,0.11008
125.84,131.97,0.2358,162.77,166.15,92.727,88.15,0.64069,178.42,177.35,0.11046
127,132.85,0.23573,162.71,165.82,92.763,88.188,0.64051,178.34,177.35,0.11086
128.06,133.7,0.23573,162.59,165.48,92.802,88.229,0.64031,178.27,177.35,0.11125
129.02,134.51,0.23579,162.42,165.14,92.844,88.272,0.64011,178.19,177.35,0.11165
129.9,135.28,0.23592,162.19,164.81,92.887,88.317,0.63989,178.12,177.34,0.11204
130.7,136.01,0.2361,161.92,164.48,92.931,88.364,0.63966,178.05,177.33,0.11242
131.43,136.71,0.23633,161.62,164.16,92.976,88.412,0.63943,177.99,177.31,0.11279
132.12,137.36,0.23659,161.29,163.86,93.02,88.46,0.6392,177.93,177.3,0.11315
132.76,137.97,0.23687,160.95,163.58,93.062,88.508,0.63896,177.87,177.28,0.11349
133.36,138.54,0.23717,160.61,163.32,93.103,88.556,0.63873,177.81,177.26,0.1138
133.95,139.07,0.23747,160.29,163.09,93.143,88.603,0.63852,177.76,177.25,0.11409
134.51,139.56,0.23777,159.98,162.91,93.18,88.648,0.63832,177.71,177.23,0.11435
135.05,140,0.23807,159.71,162.76,93.215,88.693,0.63815,177.66,177.22,0.11459
135.59,140.4,0.23836,159.49,162.66,93.248,88.736,0.63801,177.61,177.22,0.1148
136.12,140.76,0.23864,159.31,162.61,93.28,88.777,0.63791,177.56,177.22,0.11499
136.64,141.09,0.2389,159.19,162.63,93.31,88.818,0.63785,177.52,177.22,0.11514
137.16,141.39,0.23915,159.13,162.7,93.34,88.858,0.63785,177.48,177.23,0.11527
137.68,141.67,0.23939,159.13,162.84,93.368,88.897,0.6379,177.44,177.24,0.11538
138.19,141.93,0.23961,159.2,163.04,93.396,88.935,0.63802,177.4,177.25,0.11547
138.69,142.19,0.23982,159.32,163.31,93.424,88.972,0.63821,177.36,177.27,0.11553
139.19,142.45,0.24001,159.5,163.64,93.451,89.009,0.63846,177.33,177.29,0.11557
139.68,142.72,0.24018,159.73,164.02,93.478,89.046,0.63879,177.3,177.31,0.1156
140.17,143.01,0.24033,160,164.46,93.505,89.082,0.63918,177.28,177.33,0.11561
140.64,143.31,0.24046,160.29,164.93,93.531,89.118,0.63962,177.25,177.35,0.11561
141.09,143.65,0.24057,160.59,165.43,93.557,89.154,0.64011,177.23,177.37,0.11559
141.52,144.01,0.24066,160.89,165.95,93.582,89.19,0.64063,177.21,177.39,0.11557
141.93,144.4,0.24071,161.15,166.48,93.607,89.226,0.64115,177.19,177.4,0.11554
142.29,144.81,0.24074,161.37,167,93.632,89.261,0.64165,177.18,177.41,0.11551
142.61,145.24,0.24075,161.52,167.5,93.657,89.297,0.64212,177.16,177.41,0.11547
142.87,145.68,0.24072,161.58,167.96,93.681,89.333,0.64252,177.16,177.41,0.11544
143.04,146.1,0.24067,161.53,168.37,93.705,89.369,0.64285,177.15,177.41,0.1154
143.12,146.51,0.24061,161.35,168.7,93.73,89.404,0.64309,177.16,177.4,0.11537
143.08,146.86,0.24052,161.04,168.94,93.754,89.439,0.64322,177.16,177.38,0.11533
142.89,147.13,0.24043,160.56,169.08,93.779,89.473,0.64325,177.18,177.37,0.1153
142.54,147.29,0.24032,159.92,169.08,93.805,89.506,0.64316,177.2,177.35,0.11527
141.99,147.32,0.24021,159.12,168.93,93.831,89.537,0.64297,177.24,177.33,0.11523
141.22,147.16,0.24009,158.14,168.6,93.857,89.566,0.6427,177.27,177.31,0.11519
140.2,146.79,0.23998,157,168.09,93.884,89.592,0.64235,177.32,177.29,0.11515
138.91,146.16,0.23986,155.71,167.37,93.912,89.615,0.64195,177.37,177.27,0.1151
137.33,145.23,0.23974,154.28,166.42,93.94,89.635,0.64154,177.43,177.26,0.11504
135.44,143.98,0.23963,152.74,165.23,93.968,89.65,0.64114,177.49,177.24,0.11497
133.23,142.35,0.2395,151.1,163.8,93.996,89.661,0.64079,177.56,177.23,0.11488
130.69,140.34,0.23938,149.41,162.11,94.023,89.667,0.64052,177.62,177.22,0.11479
127.84,137.9,0.23924,147.68,160.17,94.05,89.666,0.64034,177.68,177.2,0.11469
124.66,135.04,0.2391,145.95,157.99,94.075,89.658,0.64028,177.73,177.19,0.11458
121.19,131.73,0.23895,144.25,155.57,94.099,89.643,0.64033,177.78,177.18,0.11446
117.45,127.99,0.23879,142.62,152.93,94.119,89.62,0.64051,177.81,177.16,0.11433
113.46,123.82,0.23861,141.08,150.11,94.135,89.588,0.6408,177.84,177.14,0.1142
109.26,119.24,0.23843,139.65,147.13,94.147,89.545,0.64119,177.85,177.12,0.11406
104.88,114.29,0.23825,138.37,144.04,94.152,89.493,0.64164,177.85,177.09,0.11392
100.37,109.01,0.23806,137.24,140.89,94.15,89.43,0.64214,177.85,177.05,0.11378
95.761,103.44,0.23788,136.29,137.73,94.141,89.356,0.64265,177.82,177.01,0.11365
91.097,97.643,0.23771,135.53,134.62,94.124,89.273,0.64315,177.79,176.95,0.11352
86.414,91.671,0.23756,134.96,131.64,94.099,89.181,0.6436,177.75,176.89,0.1134
81.745,85.594,0.23743,134.59,128.86,94.068,89.082,0.64399,177.7,176.82,0.1133
77.123,79.477,0.23733,134.45,126.33,94.03,88.977,0.64428,177.64,176.74,0.11322
72.577,73.39,0.23726,134.52,124.14,93.988,88.87,0.64448,177.57,176.65,0.11316
68.13,67.4,0.23722,134.82,122.33,93.943,88.762,0.64456,177.49,176.55,0.11312
63.805,61.572,0.23721,135.35,120.97,93.896,88.656,0.64454,177.4,176.43,0.11311
59.618,55.964,0.23724,136.11,120.09,93.851,88.554,0.6444,177.31,176.31,0.11312
55.583,50.631,0.2373,137.09,119.72,93.808,88.458,0.64417,177.21,176.18,0.11316
51.712,45.616,0.23738,138.29,119.88,93.77,88.372,0.64386,177.1,176.05,0.11323
48.011,40.953,0.23749,139.7,120.57,93.738,88.296,0.64347,176.98,175.9,0.11332
44.488,36.666,0.23762,141.28,121.76,93.713,88.231,0.64304,176.85,175.75,0.11343
41.146,32.765,0.23775,143.01,123.44,93.697,88.179,0.64257,176.72,175.59,0.11356
37.987,29.251,0.2379,144.86,125.55,93.69,88.139,0.64209,176.59,175.44,0.11371
35.012,26.115,0.23804,146.79,128.05,93.691,88.112,0.64161,176.45,175.28,0.11386
32.217,23.34,0.23817,148.77,130.86,93.702,88.096,0.64113,176.3,175.12,0.11403
29.599,20.905,0.23828,150.75,133.93,93.722,88.091,0.64067,176.16,174.96,0.1142
27.15,18.782,0.23837,152.71,137.17,93.75,88.097,0.64024,176.03,174.8,0.11437
24.862,16.942,0.23844,154.6,140.52,93.785,88.11,0.63984,175.9,174.64,0.11454
22.725,15.354,0.23847,156.39,143.91,93.826,88.131,0.63947,175.77,174.49,0.1147
20.73,13.984,0.23846,158.07,147.28,93.872,88.156,0.63913,175.66,174.34,0.11486
18.866,12.802,0.23841,159.6,150.55,93.92,88.185,0.63883,175.56,174.2,0.11502
17.122,11.776,0.23833,160.99,153.69,93.969,88.215,0.63856,175.48,174.06,0.11517
15.489,10.877,0.23821,162.2,156.65,94.018,88.246,0.63833,175.41,173.93,0.11531
13.957,10.078,0.23805,163.25,159.39,94.066,88.274,0.63815,175.36,173.8,0.11544
12.52,9.3566,0.23785,164.14,161.89,94.109,88.3,0.638,175.34,173.67,0.11557
11.171,8.6919,0.23764,164.87,164.13,94.149,88.323,0.6379,175.33,173.56,0.11568
9.9065,8.0676,0.2374,165.45,166.11,94.183,88.34,0.63783,175.34,173.45,0.11579
8.7229,7.4708,0.23716,165.89,167.82,94.211,88.353,0.6378,175.37,173.35,0.11589
7.6195,6.8925,0.23691,166.21,169.26,94.233,88.36,0.63781,175.42,173.25,0.11598
6.5966,6.3274,0.23668,166.43,170.44,94.25,88.363,0.63785,175.48,173.17,0.11607
5.656,5.7735,0.23646,166.55,171.39,94.26,88.36,0.63792,175.55,173.09,0.11615
4.8005,5.2321,0.23626,166.6,172.1,94.265,88.354,0.63801,175.63,173.02,0.11622
4.0342,4.7076,0.2361,166.59,172.59,94.267,88.344,0.63813,175.72,172.96,0.11629
3.3624,4.207,0.23597,166.53,172.89,94.264,88.332,0.63828,175.82,172.91,0.11635
2.7909,3.74,0.23588,166.44,173,94.26,88.318,0.63844,175.91,172.87,0.11641
2.3267,3.3183,0.23584,166.31,172.95,94.255,88.304,0.63862,176.01,172.83,0.11647
1.9774,2.9558,0.23583,166.16,172.74,94.25,88.29,0.63883,176.1,172.8,0.11652
1.7514,2.6676,0.23587,166,172.39,94.247,88.277,0.63904,176.18,172.77,0.11658
1.6575,2.4705,0.23594,165.82,171.9,94.247,88.267,0.63927,176.26,172.74,0.11663
1.7048,2.3822,0.23605,165.62,171.29,94.251,88.26,0.63951,176.33,172.72,0.11668
1.903,2.421,0.23619,165.4,170.57,94.259,88.257,0.63974,176.38,172.7,0.11674
2.2612,2.6057,0.23635,165.17,169.73,94.273,88.257,0.63998,176.42,172.68,0.11678
2.7887,2.9551,0.23653,164.9,168.8,94.292,88.262,0.6402,176.45,172.66,0.11683
3.4938,3.4879,0.23672,164.6,167.77,94.316,88.271,0.6404,176.47,172.64,0.11687
4.3842,4.222,0.23691,164.26,166.65,94.346,88.283,0.64056,176.47,172.62,0.11691
5.4664,5.1745,0.2371,163.87,165.46,94.378,88.297,0.64069,176.46,172.6,0.11694
6.7454,6.3614,0.23729,163.43,164.2,94.414,88.313,0.64076,176.44,172.58,0.11696
8.2247,7.797,0.23746,162.93,162.89,94.45,88.33,0.64078,176.41,172.57,0.11696
9.906,9.4937,0.23762,162.36,161.53,94.486,88.346,0.64072,176.37,172.56,0.11696
11.789,11.461,0.23776,161.72,160.15,94.518,88.359,0.6406,176.32,172.57,0.11693
13.87,13.707,0.23787,161,158.77,94.546,88.369,0.6404,176.26,172.58,0.11688
16.145,16.236,0.23797,160.22,157.4,94.566,88.375,0.64013,176.21,172.61,0.11681
18.606,19.046,0.23804,159.36,156.08,94.578,88.374,0.6398,176.14,172.65,0.11672
21.241,22.135,0.2381,158.44,154.83,94.578,88.366,0.6394,176.08,172.71,0.11659
24.038,25.494,0.23813,157.47,153.67,94.566,88.351,0.63895,176.02,172.79,0.11644
26.981,29.11,0.23815,156.45,152.63,94.541,88.328,0.63847,175.96,172.89,0.11625
30.05,32.964,0.23816,155.4,151.75,94.502,88.297,0.63797,175.91,173,0.11603
33.224,37.035,0.23815,154.33,151.03,94.449,88.259,0.63748,175.87,173.14,0.11579
36.481,41.297,0.23813,153.27,150.49,94.383,88.213,0.63701,175.83,173.3,0.11551
39.794,45.721,0.23808,152.22,150.16,94.304,88.162,0.63659,175.8,173.47,0.11521
43.141,50.275,0.23802,151.22,150.03,94.213,88.107,0.63625,175.78,173.66,0.11488
46.494,54.93,0.23794,150.28,150.1,94.113,88.048,0.63601,175.78,173.87,0.11453
49.83,59.652,0.23782,149.41,150.38,94.006,87.988,0.63589,175.79,174.08,0.11418
53.126,64.411,0.23768,148.64,150.86,93.893,87.929,0.6359,175.81,174.31,0.11381
56.364,69.174,0.2375,147.98,151.51,93.778,87.871,0.63605,175.85,174.54,0.11345
59.528,73.911,0.23729,147.43,152.33,93.661,87.817,0.63635,175.91,174.77,0.11309
62.606,78.593,0.23705,147,153.29,93.546,87.768,0.63679,175.98,175,0.11276
65.592,83.189,0.23679,146.68,154.36,93.435,87.725,0.63735,176.07,175.22,0.11245
68.482,87.673,0.23651,146.47,155.52,93.329,87.69,0.63801,176.17,175.44,0.11217
71.277,92.018,0.23623,146.36,156.73,93.231,87.662,0.63874,176.28,175.66,0.11193
73.977,96.202,0.23595,146.33,157.96,93.141,87.642,0.63951,176.41,175.86,0.11173
76.588,100.2,0.23569,146.36,159.18,93.061,87.631,0.64028,176.55,176.05,0.11159
79.113,104.01,0.23546,146.45,160.36,92.992,87.628,0.64101,176.69,176.23,0.11148
81.561,107.61,0.23528,146.57,161.47,92.933,87.634,0.64167,176.85,176.4,0.11143
83.937,110.99,0.23514,146.7,162.51,92.884,87.646,0.64224,177,176.55,0.11143
86.251,114.16,0.23507,146.84,163.43,92.845,87.664,0.64267,177.16,176.7,0.11147
88.511,117.11,0.23506,146.98,164.24,92.815,87.687,0.64296,177.33,176.83,0.11155
90.728,119.85,0.23512,147.09,164.92,92.793,87.714,0.64308,177.49,176.94,0.11167
92.909,122.4,0.23526,147.19,165.47,92.777,87.743,0.64304,177.65,177.05,0.11182
95.064,124.75,0.23545,147.25,165.88,92.767,87.773,0.64283,177.8,177.15,0.112
97.199,126.94,0.23571,147.29,166.16,92.76,87.803,0.64246,177.95,177.23,0.11221
99.321,128.96,0.23601,147.29,166.32,92.755,87.832,0.64193,178.08,177.3,0.11243
101.43,130.85,0.23635,147.27,166.36,92.752,87.859,0.64127,178.21,177.36,0.11267
103.54,132.6,0.23672,147.22,166.31,92.75,87.884,0.64049,178.32,177.42,0.11292
105.64,134.24,0.2371,147.15,166.17,92.749,87.907,0.63962,178.41,177.46,0.11318
107.73,135.79,0.23747,147.07,165.97,92.748,87.929,0.63869,178.49,177.49,0.11344
109.81,137.25,0.23783,146.98,165.73,92.748,87.949,0.63773,178.55,177.51,0.1137
111.87,138.63,0.23817,146.91,165.46,92.75,87.97,0.63678,178.59,177.53,0.11397
113.92,139.94,0.23847,146.87,165.18,92.753,87.991,0.63587,178.61,177.54,0.11423
115.93,141.18,0.23874,146.87,164.9,92.759,88.014,0.63505,178.61,177.54,0.11449
117.9,142.36,0.23896,146.92,164.65,92.768,88.039,0.63433,178.59,177.54,0.11474
119.82,143.49,0.23914,147.03,164.42,92.78,88.067,0.63377,178.54,177.54,0.11499
121.68,144.56,0.23929,147.23,164.22,92.797,88.098,0.63338,178.47,177.53,0.11523
123.48,145.57,0.23939,147.52,164.07,92.816,88.131,0.63318,178.38,177.52,0.11547
125.21,146.53,0.23946,147.9,163.96,92.84,88.168,0.6332,178.27,177.51,0.1157
126.85,147.43,0.23951,148.38,163.9,92.865,88.207,0.63343,178.15,177.5,0.11593
128.41,148.27,0.23953,148.96,163.89,92.893,88.247,0.63386,178.01,177.49,0.11616
129.87,149.06,0.23955,149.63,163.92,92.922,88.287,0.63449,177.86,177.49,0.11638
131.24,149.79,0.23955,150.38,164,92.951,88.326,0.63529,177.71,177.48,0.11659
132.52,150.47,0.23955,151.19,164.12,92.979,88.364,0.63623,177.55,177.47,0.11679
133.7,151.08,0.23956,152.06,164.27,93.006,88.4,0.63728,177.38,177.46,0.11698
134.78,151.65,0.23956,152.95,164.44,93.031,88.433,0.63841,177.23,177.46,0.11715
135.77,152.15,0.23957,153.85,164.63,93.053,88.462,0.63956,177.08,177.45,0.11731
136.66,152.6,0.23958,154.74,164.82,93.073,88.488,0.64072,176.93,177.45,0.11745
137.47,152.99,0.2396,155.58,165.02,93.091,88.511,0.64183,176.8,177.44,0.11758
138.19,153.34,0.23962,156.37,165.2,93.106,88.529,0.64287,176.69,177.44,0.11768
138.84,153.63,0.23965,157.08,165.37,93.118,88.545,0.64381,176.59,177.44,0.11777
139.41,153.87,0.23967,157.7,165.52,93.128,88.557,0.64463,176.5,177.43,0.11784
139.91,154.07,,,,,,,,,
140.34,154.23,,,,,,,,,
140.72,154.35,,,,,,,,,
141.05,154.44,,,,,,,,,
141.32,154.5,,,,,,,,,
141.56,154.54,,,,,,,,,
141.76,154.55,,,,,,,,,
141.93,154.55,,,,,,,,,
142.08,154.54,,,,,,,,,
142.19,154.52,,,,,,,,,
142.29,154.49,,,,,,,,,
142.37,154.46,,,,,,,,,
142.44,154.43,,,,,,,,,
142.49,154.41,,,,,,,,,
142.53,154.38,,,,,,,,,
